,LootCategory,id,PartType,CardText_CardPriority,CardText_Text,CardText_Color,Manufacturer,DispName,CostMod,RarityMod,Priority,TechMod,AttrMod_Damage_Scale,LinkedPrefix,AttrMod_Recoil_PreAdd,AttrMod_FireRate_PreAdd,AttrMod_ClipSize_Scale,CardMod_Damage,CardMod_Recoil,CardMod_FireRate,CardMod_ClipSize,AttrMod_WeaponLevel_PreAdd,AttrMod_AccRegen_Scale,AttrMod_AccMax_Scale,AttrMod_AccMin_Scale,AttrMod_Recoil_Scale,AttrMod_Spread_Scale,TitleText,AttrMod_ReloadSpeed_Scale,CardMod_Spread,AttrMod_FireRate_Scale,AttrMod_Knockback_Scale,AttrMod_ReloadSpeed_PreAdd,CardMod_ReloadSpeed,AttrMod_ProjectileCount_PreAdd,CardMod_ProjectileCount,AttrMod_CritBonus_Scale,CardMod_CritBonus,TitleAddend,AttrMod_ClipSize_PreAdd,AttrMod_MeleeDamage_Scale,LinkedTitle,Tech1_TechLevel,Tech1_LinkedPrefix,Tech1_TechType,Tech1_ProcChance,Tech1_TechCost,Tech1_Bullet,Tech2_TechLevel,Tech2_LinkedPrefix,Tech2_TechType,Tech2_ProcChance,Tech2_TechCost,Tech2_Bullet,Tech3_TechLevel,Tech3_LinkedPrefix,Tech3_TechType,Tech3_ProcChance,Tech3_TechCost,Tech3_Bullet,Tech4_TechLevel,Tech4_LinkedPrefix,Tech4_TechType,Tech4_ProcChance,Tech4_TechCost,Tech4_Bullet,AttrMod_BurstCount_PreAdd,AttrMod_ProjectileCount_Scale,CardMod_BurstCount,AttrMod_MeleeDamage_PreAdd,CardMod_MeleeDamage,AttrMod_ProjectileCount_PostAdd,AttrMod_CritBonus_PreAdd,AttrMod_AmmoRegen_PostAdd,CardMod_AmmoRegen,AttrMod_ZoomEndFOV_Scale,CardMod_ZoomEndFOV,AttrMod_AccMin_PreAdd,AttrMod_DamageNormalized_Scale,AttrMod_HealthRegen_PostAdd,AttrMod_ShotCost_PreAdd,AttrMod_HealthRegen_PreAdd,CardMod_HealthRegen,AttrMod_ProjectileSpeed_Scale,CardMod_ProjectileSpeed,HelpText,AttrMod_BurstCount_Scale,AttrMod_Spread_PreAdd,AttrMod_AccRegen_PreAdd,AttrMod_AccMax_PostAdd,AttrMod_Knockback_PreAdd,AttrMod_AmmoRegen_Scale,AttrMod_ShotCost_Scale,DamageType,AttrMod_Radius_PreAdd,Spawn,AttrMod_CoolRate_Scale,AttrMod_CoolDelay_Scale
Material_Atlas_1,shared_materialparts,x001,Material,,,,Atlas,,WeaponPartCost1_Common,WeaponPartRarity1_Common,,1,0.1,p007,0.11,-0.05,0.15,3,3,3,3,,,,,,,,,,,,,,,,,,,,,,,,,,,,,,,,,,,,,,,,,,,,,,,,,,,,,,,,,,,,,,,,,,,,,,,,,,,,,
Material_Atlas_2,shared_materialparts,x002,Material,,,,Atlas,,WeaponPartCost3_Uncommoner,WeaponPartRarity3_Uncommoner,,1,0.15,p039,0.11,-0.05,0.15,3,3,3,3,1,,,,,,,,,,,,,,,,,,,,,,,,,,,,,,,,,,,,,,,,,,,,,,,,,,,,,,,,,,,,,,,,,,,,,,,,,,,,
Material_Atlas_3,shared_materialparts,x003,Material,,,,Atlas,,WeaponPartCost4_Rare,WeaponPartRarity4_Rare,,2,0.20,p040,0.11,-0.05,0.15,3,3,3,3,2,,,,,,,,,,,,,,,,,,,,,,,,,,,,,,,,,,,,,,,,,,,,,,,,,,,,,,,,,,,,,,,,,,,,,,,,,,,,
Material_Dahl_1,shared_materialparts,x004,Material,,,,Dahl,,WeaponPartCost1_Common,WeaponPartRarity1_Common,,,,p008,,,,,3,,,,-0.23,-0.60,0.15,-0.30,0.20,,,,,,,,,,,,,,,,,,,,,,,,,,,,,,,,,,,,,,,,,,,,,,,,,,,,,,,,,,,,,,,,,,,,,,,
Material_Dahl_2,shared_materialparts,x005,Material,,,,Dahl,,WeaponPartCost3_Uncommoner,WeaponPartRarity3_Uncommoner,,,0.05,p041,,,,,3,,,1,-0.23,-0.60,0.10,-0.40,0.15, U,-0.24,,,,,,,,,,,,,,,,,,,,,,,,,,,,,,,,,,,,,,,,,,,,,,,,,,,,,,,,,,,,,,,,,,,,,
Material_Dahl_3,shared_materialparts,x006,Material,,,,Dahl,,WeaponPartCost4_Rare,WeaponPartRarity4_Rare,,,0.10,p042,,,,,3,,,2,-0.23,-0.60,,-0.80,0.15, D,-0.24,,,,,,,,,,,,,,,,,,,,,,,,,,,,,,,,,,,,,,,,,,,,,,,,,,,,,,,,,,,,,,,,,,,,,
Material_Eridan_1,shared_materialparts,x032,Material,,,,Eridian,,WeaponPartCost1_Common,WeaponPartRarity1_Common,,,,,,,,,,,,,,,,,,,,,,,,,,,,,,,,,,,,,,,,,,,,,,,,,,,,,,,,,,,,,,,,,,,,,,,,,,,,,,,,,,,,,,,,
Material_Gearbox_1,shared_materialparts,x008,Material,,,,Gearbox,,WeaponPartCost1_Common,WeaponPartRarity1_Common,,,0.10,,,,,,,,,,,,,0.20,0.20,-XX,-0.20,,,,,,,,,,,,,,,,,,,,,,,,,,,,,,,,,,,,,,,,,,,,,,,,,,,,,,,,,,,,,,,,,,,,,
Material_Gearbox_2,shared_materialparts,x009,Material,,,,Gearbox,,WeaponPartCost1_Common,WeaponPartRarity1_Common,,,0.15,,,,,,,,,,,,,0.20,0.20,-OP4,-0.20,,,,,,,,,,,,,,,,,,,,,,,,,,,,,,,,,,,,,,,,,,,,,,,,,,,,,,,,,,,,,,,,,,,,,
Material_Gearbox_3,shared_materialparts,x010,Material,,,,Gearbox,,WeaponPartCost1_Common,WeaponPartRarity1_Common,,,0.20,,,,,,,,,,,,,0.20,0.20,-BIA,-0.20,,,,,,,,,,,,,,,,,,,,,,,,,,,,,,,,,,,,,,,,,,,,,,,,,,,,,,,,,,,,,,,,,,,,,
Material_Hyperion_1,shared_materialparts,x011,Material,,,,Hyperion,,WeaponPartCost1_Common,WeaponPartRarity1_Common,,1,,p009,,,,,3,,,,,,-0.50,-0.70,-0.70,,,3,,,,,,,,,,,,,,,,,,,,,,,,,,,,,,,,,,,,,,,,,,,,,,,,,,,,,,,,,,,,,,,,,,,,
Material_Hyperion_2,shared_materialparts,x012,Material,,,,Hyperion,,WeaponPartCost3_Uncommoner,WeaponPartRarity3_Uncommoner,,1,0.05,p043,,,,,3,3,,1,,,,-0.70,-0.85,.W,,3,-0.30,,,,,,,,,,,,,,,,,,,,,,,,,,,,,,,,,,,,,,,,,,,,,,,,,,,,,,,,,,,,,,,,,,,
Material_Hyperion_3,shared_materialparts,x013,Material,,,,Hyperion,,WeaponPartCost4_Rare,WeaponPartRarity4_Rare,,1,0.10,p044,,,,,3,3,,2,,,-0.50,-0.80,-1.0,.G,-0.30,3,,,,,,,,,,,,,,,,,,,,,,,,,,,,,,,,,,,,,,,,,,,,,,,,,,,,,,,,,,,,,,,,,,,,
Material_Jakobs_1,shared_materialparts,x014,Material,,,,Jakobs,,WeaponPartCost1_Common,WeaponPartRarity1_Common,,,0.35,p010,,,,3,,,,,,,,0.30,,,,,0.50,,,,,,,,,,,,,,,,,,,,,,,,,,,,,,,,,,,,,,,,,,,,,,,,,,,,,,,,,,,,,,,,,,,
Material_Jakobs_2,shared_materialparts,x015,Material,,,,Jakobs,,WeaponPartCost3_Uncommoner,WeaponPartRarity3_Uncommoner,,,0.25,p010,,,,3,,,,1,,,,0.28,-0.50, ZZ,,,0.50,,,,,,,,,,,,,,,,,,,,,,,,,,,,,,,,,,,,,,,,,,,,,,,,,,,,,,,,,,,,,,,,,,,
Material_Jakobs_3,shared_materialparts,x016,Material,,,,Jakobs,,WeaponPartCost4_Rare,WeaponPartRarity4_Rare,,,0.50,p010,,,,3,,,,2,,,,0.45,0.60, XX,,,0.50,6,,,,,,,,,,,,,,,,,,,,,,,,,,,,,,,,,,,,,,,,,,,,,,,,,,,,,,,,,,,,,,,,,,
Material_Maliwan_1,shared_materialparts,x017,Material,3.1,High Elemental Effect Chance,,Maliwan,,WeaponPartCost1_Common,WeaponPartRarity1_Common,,4,,p011,,,,,,,,,,,,,,,,,,,,,,,,,,,,,,,,,,,,,,,,,,,,,,,,,,,,,,,,,,,,,,,,,,,,,,,,,,,,,,,,,,,,
Material_Maliwan_2,shared_materialparts,x018,Material,3.1,Higher Elemental Effect Chance,,Maliwan,,WeaponPartCost3_Uncommoner,WeaponPartRarity3_Uncommoner,,4,0.05,p045,,,,,,,,1,,,,,-0.11, B,-0.11,,,,,,,,,,,,,,,,,,,,,,,,,,,,,,,,,,,,,,,,,,,,,,,,,,,,,,,,,,,,,,,,,,,,,
Material_Maliwan_3,shared_materialparts,x019,Material,3.1,Very High Elemental Effect Chance,,Maliwan,,WeaponPartCost4_Rare,WeaponPartRarity4_Rare,,5,0.10,p046,,,,,,,,2,,,,,-0.25, C,-0.25,,,,,,,,,,,,,,,,,,,,,,,,,,,,,,,,,,,,,,,,,,,,,,,,,,,,,,,,,,,,,,,,,,,,,
Material_SandS_1,shared_materialparts,x020,Material,,,,SandS Munitions,,WeaponPartCost1_Common,WeaponPartRarity1_Common,,1,,p012,,,0.40,,,,3,,,,,,,,0.19,,,,,,,,,,,,,,,,,,,,,,,,,,,,,,,,,,,,,,,,,,,,,,,,,,,,,,,,,,,,,,,,,,,,,
Material_SandS_2,shared_materialparts,x021,Material,,,,SandS Munitions,,WeaponPartCost3_Uncommoner,WeaponPartRarity3_Uncommoner,,1,0.05,,,,0.42,,,,3,1,-1,-2,,,,.2,0.19,,,,,,,,,,,,,,,,,,,,,,,,,,,,,,,,,,,,,,,,,,,,,,,,,,,,,,,,,,,,,,,,,,,,,
Material_SandS_3,shared_materialparts,x022,Material,,,,SandS Munitions,,WeaponPartCost4_Rare,WeaponPartRarity4_Rare,,2,0.10,,,,0.50,,,,3,2,,,,,,.3,,,,,,,,,,,,,,,,,,,,,,,,,,,,,,,,,,,,,,,,,,,,,,,,,,,,,,,,,,,,,,,,,,,,,,
Material_Tediore_1,shared_materialparts,x023,Material,,,,Tediore,,WeaponPartCost0_Cheap_TedioreBonus,WeaponPartRarity1_Common,,,-0.20,p013,,,,,,,,,,,,,0.35,,,,,,-0.70,3,,,,,,,,,,,,,,,,,,,,,,,,,,,,,,,,,,,,,,,,,,,,,,,,,,,,,,,,,,,,,,,,
Material_Tediore_2,shared_materialparts,x024,Material,,,,Tediore,,WeaponPartCost3_Uncommoner,WeaponPartRarity3_Uncommoner,,,-0.10,,,,,,,,,1,,,,,0.25,-A,,,,,-0.85,3,,,,,,,,,,,,,,,,,,,,,,,,,,,,,,,,,,,,,,,,,,,,,,,,,,,,,,,,,,,,,,,,
Material_Tediore_3,shared_materialparts,x025,Material,,,,Tediore,,WeaponPartCost4_Rare,WeaponPartRarity4_Rare,,,-0.05,,,,,,,,,2,,,,,0.15,-B,,,,,-1.0,3,,,,,,,,,,,,,,,,,,,,,,,,,,,,,,,,,,,,,,,,,,,,,,,,,,,,,,,,,,,,,,,,
Material_Torgue_1,shared_materialparts,x026,Material,,,,Torgue,,WeaponPartCost1_Common,WeaponPartRarity1_Common,,,0.20,p014,0.54,,,3,,3,,,,,,,0.35,,,,-0.16,,,,,,,,,,,,,,,,,,,,,,,,,,,,,,,,,,,,,,,,,,,,,,,,,,,,,,,,,,,,,,,,,,,
Material_Torgue_2,shared_materialparts,x027,Material,,,,Torgue,,WeaponPartCost3_Uncommoner,WeaponPartRarity3_Uncommoner,,,0.25,p047,0.54,,,3,,3,,1,,,,,0.35,,,,-0.16,,,,,,,,,,,,,,,,,,,,,,,,,,,,,,,,,,,,,,,,,,,,,,,,,,,,,,,,,,,,,,,,,,,
Material_Torgue_3,shared_materialparts,x028,Material,,,,Torgue,,WeaponPartCost4_Rare,WeaponPartRarity4_Rare,,,0.30,p048,0.54,,,3,,3,,2,,,,,0.35,,,,-0.16,,,,,,,,,,,,,,,,,,,,,,,,,,,,,,,,,,,,,,,,,,,,,,,,,,,,,,,,,,,,,,,,,,,
Material_Vladof_1,shared_materialparts,x029,Material,,,,Vladof,,WeaponPartCost1_Common,WeaponPartRarity1_Common,,,,p015,,,,,,3,,,,,,,0.32,,,,-0.44,,,,,,,,,,,,,,,,,,,,,,,,,,,,,,,,,,,,,,,,,,,,,,,,,,,,,,,,,,,,,,,,,,,
Material_Vladof_2,shared_materialparts,x030,Material,,,,Vladof,,WeaponPartCost3_Uncommoner,WeaponPartRarity3_Uncommoner,,,0.05,,-0.20,,,,,3,,1,,,,,0.32,/V2,,,-0.50,,,,,,,,,,,,,,,,,,,,,,,,,,,,,,,,,,,,,,,,,,,,,,,,,,,,,,,,,,,,,,,,,,,
Material_Vladof_3,shared_materialparts,x031,Material,,,,Vladof,,WeaponPartCost4_Rare,WeaponPartRarity4_Rare,,,0.10,,-0.40,,,3,,3,,2,,,,,0.32,/V3,,,-0.56,,,,,,,,,,,,,,,,,,,,,,,,,,,,,,,,,,,,,,,,,,,,,,,,,,,,,,,,,,,,,,,,,,,
mag3,assault_shotgun,m001,Magazine,,,,,,WeaponPartCost1_Common,WeaponPartRarity1_Common,,,,,,,,,,,,,,,,,,,,,,,,,,,,,,,,,,,,,,,,,,,,,,,,,,,,,,,,,,,,,,,,,,,,,,,,,,,,,,,,,,,,,,,,
mag3a,assault_shotgun,m002,Magazine,,,,,,WeaponPartCost3_Uncommoner,WeaponPartRarity3_Uncommoner,,,,,,,,,,,,,,,,,,,,,,,,,,,,,33,2,,,,,,,,,,,,,,,,,,,,,,,,,,,,,,,,,,,,,,,,,,,,,,,,,,,,,,,,,,
acc1_Spiked,assault_shotgun,a001,Accessory,,,,,,WeaponPartCost3_Uncommoner,WeaponPartRarity3_Uncommoner,,,,p049,,,,,,,,,,,,,,,,,,,,,,,,,,,1,,,,,,,,,,,,,,,,,,,,,,,,,,,,,,,,,,,,,,,,,,,,,,,,,,,,,,,,,
acc2_Raging,assault_shotgun,a002,Accessory,,,,,,WeaponPartCost3_Uncommoner,WeaponPartRarity3_Uncommoner,,,,p050,,,,,,,,,,,,,,,-0.20,,-0.20,,,,,,,,,,,,,,,,,,,,,,,,,,,,,,,,,,,,,,,,,,,,,,,,,,,,,,,,,,,,,,,,,,,
acc3_Maliwan_Corrosive_Plague,assault_shotgun,a003,Accessory,,,,Maliwan,,WeaponPartCost3_Uncommoner,WeaponPartRarity3_Uncommoner,,10,-0.20,,,,,,,,,,,,,,,,,,,,,,,,,,,,,t005,6,p023,Corrosive,50,10,y001,9,p024,Corrosive,10,10,y001,12,p025,Corrosive,10,10,y001,15,p026,Corrosive,15,20,y001,,,,,,,,,,,,,,,,,,,,,,,,,,,,,,,,
acc4_Painful,assault_shotgun,a004,Accessory,,,,,,WeaponPartCost3_Uncommoner,WeaponPartRarity3_Uncommoner,,,0.13,p051,,,,,,,,,,,,,,,,,,0.23,,,,,,,98,,,,,,,,,,,,,,,,,,,,,,,,,,,,,,,,,,,,,,,,,,,,,,,,,,,,,,,,,,,
acc5_SandSCrux,assault_shotgun,a005,Accessory,,,,SandS Munitions,,WeaponPartCost6_Legendary,WeaponPartRarity3_Uncommoner,,9,0.20,,,,,,,,,,,,-0.50,,-2.0,,-0.30,,,,,,,,,,,5,,t006,6,,Explosive,35,20,y004,9,,Explosive,10,18,y004,12,,Explosive,10,16,y004,15,,Explosive,20,12,y004,,,,,,,,,,,,,,,,,,,,,,,,,,,,,,,,
acc5_Vladof_Hammer,assault_shotgun,a006,Accessory,,,,Vladof,,WeaponPartCost6_Legendary,WeaponPartRarity2_Uncommon,,10,0.50,,,,,,,,,,,,,,,,,,,,,,,,,,,2,,t007,6,p027,Explosive,25,20,y004,9,p028,Explosive,10,20,y004,12,p029,Explosive,10,20,y004,15,p030,Explosive,15,20,y004,,,,,,,,,,,,,,,,,,,,,,,,,,,,,,,,
barrel4_Hyperion_Butcher,assault_shotgun,b009,Barrel,,,,Hyperion,,WeaponPartCost6_Legendary,WeaponPartRarity3_Uncommoner,,3,,,,,,,,,,,,,,,0.20,,,,-6.0,,,,,,,,,,,t004,,,,,,,,,,,,,,,,,,,,,,,,,5,-1.0,3,,,,,,,,,,,,,,,,,,,,,,,,,,,,,
acc1_Jagged,combat_shotgun,a007,Accessory,,,,,,WeaponPartCost3_Uncommoner,WeaponPartRarity3_Uncommoner,,,,p056,,,,,,,,,,,,,,,,,,,,,,,,,,,,,,,,,,,,,,,,,,,,,,,,,,,,,,,,1.50,4,,,,,,,,,,,,,,,,,,,,,,,,,,,
acc2_Frenzied,combat_shotgun,a008,Accessory,,,,,,WeaponPartCost3_Uncommoner,WeaponPartRarity3_Uncommoner,,,,p057,,,,,,,,,,,,,,,,,-0.40,,,,,,,,11,,,,,,,,,,,,,,,,,,,,,,,,,,,,,,,,,,,,,,,,,,,,,,,,,,,,,,,,,,,
acc3_Corrosive,combat_shotgun,a009,Accessory,,,,,,WeaponPartCost3_Uncommoner,WeaponPartRarity3_Uncommoner,,6,-0.40,,,,,,,,,,,,,,,,,,,,,,,,,,88,,,,6,p023,Corrosive,25,20,y001,9,p024,Corrosive,10,20,y001,12,p025,Corrosive,10,20,y001,15,p026,Corrosive,15,20,y001,,,,,,,,,,,,,,,,,,,,,,,,,,,,,,,,
acc3_Shock,combat_shotgun,a010,Accessory,,,,,,WeaponPartCost3_Uncommoner,WeaponPartRarity3_Uncommoner,,6,-0.40,,,,,,,,,,,,,,,,,,,,,,,,,,88,,,,6,p035,Shock,25,20,y002,9,p036,Shock,10,20,y002,12,p037,Shock,10,20,y002,15,p038,Shock,15,20,y002,,,,,,,,,,,,,,,,,,,,,,,,,,,,,,,,
acc4_Atlas_Hydra,combat_shotgun,a011,Accessory,,,,,,WeaponPartCost6_Legendary,WeaponPartRarity3_Uncommoner,,,0.35,,,,,,,,,,,,-0.50,,-1.0,,,,,,,,3,,,,,,,t013,,,,,,,,,,,,,,,,,,,,,,,,,,,,,,,,,,,,,,,,,,,,,,,,,,,,,,,,
acc4_Terrible,combat_shotgun,a012,Accessory,,,,,,WeaponPartCost2_Uncommon,WeaponPartRarity2_Uncommon,,,0.13,p058,,,,,,,,,,,,,,,,,,0.23,,,,,,,,,,,,,,,,,,,,,,,,,,,,,,,,,,,,,,,,,,,,,,,,,,,,,,,,,,,,,,,,,,
acc5_Explosive,combat_shotgun,a013,Accessory,,,,,,WeaponPartCost3_Uncommoner,WeaponPartRarity3_Uncommoner,,6,-0.40,,,,,,,,,,,,,,,,,,,,,,,,,,88,,,,6,p027,Explosive,25,20,y004,9,p028,Explosive,10,20,y004,12,p029,Explosive,10,20,y004,15,p030,Explosive,15,20,y004,,,,,,,,,,,,,,,,,,,,,,,,,,,,,,,,
acc5_Incendiary,combat_shotgun,a014,Accessory,,,,,,WeaponPartCost3_Uncommoner,WeaponPartRarity3_Uncommoner,,6,-0.40,,,,,,,,,,,,,,,,,,,,,,,,,,88,,,,6,p031,Incendiary,25,20,y003,9,p032,Incendiary,10,20,y003,12,p033,Incendiary,10,20,y003,15,p034,Incendiary,15,20,y003,,,,,,,,,,,,,,,,,,,,,,,,,,,,,,,,
acc5_Torgue_FriendlyFire,combat_shotgun,a015,Accessory,,,,Torgue,,WeaponPartCost6_Legendary,WeaponPartRarity3_Uncommoner,,10,,p062,,,,,,,,,,,-3.0,,,,,,,,,,,,,,,,,t017,6,,Incendiary,25,20,y003,9,,Incendiary,10,20,y003,12,,Incendiary,10,20,y003,15,,Incendiary,15,20,y003,,,,,,,,,,,,,,,,,,,,,,,,,,,,,,,,
accnone,combat_shotgun,a016,Accessory,,,,,,WeaponPartCost1_Common,WeaponPartRarity1_Common,,,,,,,,,,,,,,,,,,,,,,,,,,,,,,,,,,,,,,,,,,,,,,,,,,,,,,,,,,,,,,,,,,,,,,,,,,,,,,,,,,,,,,,,
barrel1,combat_shotgun,b001,Barrel,,,,,,WeaponPartCost1_Common,WeaponPartRarity1_Common,,,-0.04,,,,,,,,,,,,,,,,,,,,,,,,,,,,,,,,,,,,,,,,,,,,,,,,,,,,,,,,,,,,,,,,,,,,,,,,,,,,,,,,,,,,,
barrel2,combat_shotgun,b002,Barrel,,,,,,WeaponPartCost1_Common,WeaponPartRarity1_Common,,,0.15,,,,,,,,,,,-0.20,0.20,0.20,0.28,,,,,,,,,,,,,,,,,,,,,,,,,,,,,,,,,,,,,,,,,,,,,,,,,,,,,,,,,,,,,,,,,,,,,,,
barrel2_Shredder,combat_shotgun,b003,Barrel,,,,,,WeaponPartCost2_Uncommon,WeaponPartRarity2_Uncommon,,,0.15,,,,,,,,,,,-0.20,0.20,0.20,0.28,,,,,,,,,,,,,,,t012,,,,,,,,,,,,,,,,,,,,,,,,,,,,,,,,,,,,,,,,,,,,,,,,,,,,,,,,
barrel3,combat_shotgun,b004,Barrel,,,,,,WeaponPartCost2_Uncommon,WeaponPartRarity2_Uncommon,,2,0.10,,,,,,,,,,,-0.30,0.30,,-0.50,,,,,,,,,,,,,,,,,,,,,,,,,,,,,,,,,,,,,,,,,,,,,,,,,,,,,,,,,,,,,,,,,,,,,,,
barrel3_Carnage,combat_shotgun,b005,Barrel,4,Holy crap! It shoots rockets!,,,,WeaponPartCost1_Common,WeaponPartRarity1_Common,,-500,5.0,,,,,,,,,,,-0.30,0.30,,-0.50,,,,,,,,,,,,,,,t009,,,,,,,,,,,,,,,,,,,,,,,,,,-100,,,,1,,,,,,,,,,,,,,,,,,,,,,,,,,
barrel4,combat_shotgun,b006,Barrel,,,,,,WeaponPartCost3_Uncommoner,WeaponPartRarity3_Uncommoner,,1,0.30,,,,,,,,,,,-0.10,-0.40,0.35,-0.30,,,,,,,,,,,,,,,,,,,,,,,,,,,,,,,,,,,,,,,,,,,,,,,,,,,,,,,,,,,,,,,,,,,,,,,
barrel5,combat_shotgun,b007,Barrel,,,,,,WeaponPartCost4_Rare,WeaponPartRarity4_Rare,,,0.15,,,,,,,,,,,-0.40,-1.50,-0.50,-1.30,,,,,,,,,,,,,,,,,,,,,,,,,,,,,,,,,,,,,,,,,,,,,,,,,,,,,,,,,,,,,,,,,,,,,,,
barrel5_JakobsStriker,combat_shotgun,b008,Barrel,,,,Jakobs,,WeaponPartCost6_Legendary,WeaponPartRarity3_Uncommoner,,,,,,,,,,,,,,-0.40,-1.0,-0.50,-1.0,,,,,,,,,,,3,,,,t015,,,,,,,,,,,,,,,,,,,,,,,,,,,,,,,0.30,,,,,,,,,,,,,,,,,,,,,,,,,
body1,combat_shotgun,f001,Body,,,,,,WeaponPartCost1_Common,WeaponPartRarity1_Common,,,-0.08,,,,,,,,,,,,,,,SG,,,,,,,,,,,,,,,,,,,,,,,,,,,,,,,,,,,,,,,,,,,,,,,,,,,,,,,,,,,,,,,,,,,,,,
body2,combat_shotgun,f002,Body,,,,,,WeaponPartCost1_Common,WeaponPartRarity2_Uncommon,,,0.10,,,,,,,,,,,,,0.30,,SPR,,,0.20,,,,,,,,,,,,,,,,,,,,,,,,,,,,,,,,,,,,,,,,,,,,,,,,,,,,,,,,,,,,,,,,,,,
body3,combat_shotgun,f003,Body,,,,,,WeaponPartCost2_Uncommon,WeaponPartRarity2_Uncommon,,3,-0.15,,,,,,,,,,,,,-0.30,,ZX,,,-0.30,,,,,,,,,,,,,,,,,,,,,,,,,,,,,,,,,,,,,,,,,,,,,,,,,,,,,,,,,,,,,,,,,,,
body3_Tediore_Defender,combat_shotgun,f004,Body,,,,Tediore,,WeaponPartCost6_Legendary,WeaponPartRarity3_Uncommoner,,3,0.25,,,,,,,,,,,,,-0.30,,DEF,,,-0.30,,,,,,,,,,,t016,,,,,,,,,,,,,,,,,,,,,,,,,,,,,,,,0.3,3,,,,,,,,,,,,,,,,,,,,,,,
body4,combat_shotgun,f005,Body,,,,,,WeaponPartCost3_Uncommoner,WeaponPartRarity3_Uncommoner,,,0.20,,,,,,,,,,,,,0.50,,BA,,,0.30,,,,,,,,,,,,,,,,,,,,,,,,,,,,,,,,,,,,,,,,,,,,,,,,,,,,,,,,,,,,,,,,,,,
body5,combat_shotgun,f006,Body,,,,,,WeaponPartCost4_Rare,WeaponPartRarity4_Rare,,,0.20,,,,,,,,,,,,,-0.20,,ZPR,,,-0.50,,,,,,,,,,,,,,,,,,,,,,,,,,,,,,,,,,,,,,,,,,,,,,,,,,,,,,,,,,,,,,,,,,,
sight1_,combat_shotgun,z001,Sight,,,,,,WeaponPartCost2_Uncommon,WeaponPartRarity2_Uncommon,,,,,,,,,,,,,,,,,,,,,,,,,,,,,,,,,,,,,,,,,,,,,,,,,,,,,,,,,,,,,,,,,,-0.4,1,,,,,,,,,,,,,,,,,,,,,
sight2_,combat_shotgun,z002,Sight,,,,,,WeaponPartCost3_Uncommoner,WeaponPartRarity3_Uncommoner,,,,,,,,,,,,,,,,,,,,,,,,,,,,,,,,,,,,,,,,,,,,,,,,,,,,,,,,,,,,,,,,,,-0.7,2,,,,,,,,,,,,,,,,,,,,,
sight3,combat_shotgun,z003,Sight,,,,,,WeaponPartCost4_Rare,WeaponPartRarity4_Rare,,,,,,,,,,,,,,,,,,,,,,,,,,,,,,,,,,,,,,,,,,,,,,,,,,,,,,,,,,,,,,,,,,-1.0,3,,,,,,,,,,,,,,,,,,,,,
sight4,combat_shotgun,z004,Sight,,,,,,WeaponPartCost4_Rare,WeaponPartRarity4_Rare,,,,,,,,,,,,,,,,,,,,,,,,,,,,,,,,,,,,,,,,,,,,,,,,,,,,,,,,,,,,,,,,,,-2.0,4,,,,,,,,,,,,,,,,,,,,,
sight5,combat_shotgun,z005,Sight,,,,,,WeaponPartCost5_VeryRare,WeaponPartRarity5_VeryRare,,,,,,,,,,,,,,,,,,,,,,,,,,,,,,,,,,,,,,,,,,,,,,,,,,,,,,,,,,,,,,,,,,-3.0,5,,,,,,,,,,,,,,,,,,,,,
sightnone,combat_shotgun,z006,Sight,,,,,,WeaponPartCost1_Common,WeaponPartRarity1_Common,,,,,,,,,,,,,,,,,,,,,,,,,,,,,,,,,,,,,,,,,,,,,,,,,,,,,,,,,,,,,,,,,,,,,,,,,,,,,,,,,,,,,,,,
stock1,combat_shotgun,s001,Stock,,,,,,WeaponPartCost2_Uncommon,WeaponPartRarity2_Uncommon,,,,,,,,,,,,,0.20,,,,,,,,,,,,,,,,,,,,,,,,,,,,,,,,,,,,,,,,,,,,,,,,,,,,,,,,,,,,,,,,,,,,,,,,,,,
stock2,combat_shotgun,s002,Stock,,,,,,WeaponPartCost3_Uncommoner,WeaponPartRarity3_Uncommoner,,,,,,,,,,,,,0.20,-0.1,-0.1,-0.4,,,0.30,,,,,,,,,,20,,,,,,,,,,,,,,,,,,,,,,,,,,,,,,,,,,,,,,,,,,,,,,,,,,,,,,,,,,,
stock3,combat_shotgun,s003,Stock,,,,,,WeaponPartCost4_Rare,WeaponPartRarity4_Rare,,,,,,,,,,,,,0.40,-0.20,-0.20,-0.30,,,,,,,,,,,,,30,,,,,,,,,,,,,,,,,,,,,,,,,,,,,,,,,,,,,,,,,,,,,,,,,,,,,,,,,,,
stock_none,combat_shotgun,s004,Stock,,,,,,WeaponPartCost1_Common,WeaponPartRarity1_Common,,,,,,,,,,,,,1.0,-0.20,,0.40,,,-0.30,,,,,,,,,,10,,,,,,,,,,,,,,,,,,,,,,,,,,,,,,,,,,,,,,,,,,,,,,,,,,,,,,,,,,,
grip1,combat_shotgun,g001,Grip,,,,Tediore,,WeaponPartCost1_Common,WeaponPartRarity1_Common,,,,,,,,,,,,,,,,,,,,,,,,,,,,,,,,,,,,,,,,,,,,,,,,,,,,,,,,,,,,,,,,,,,,,,,,,,,,,,,,,,,,,,,,
grip1a,combat_shotgun,g002,Grip,,,,SandS Munitions,,WeaponPartCost1_Common,WeaponPartRarity1_Common,,,,,,,,,,,,,,,,,,,,,,,,,,,,,,,,,,,,,,,,,,,,,,,,,,,,,,,,,,,,,,,,,,,,,,,,,,,,,,,,,,,,,,,,
grip2,combat_shotgun,g003,Grip,,,,Dahl,,WeaponPartCost1_Common,WeaponPartRarity1_Common,,,,,,,,,,,,,,,,,,,,,-0.4,,,,,,,,,,,,,,,,,,,,,,,,,,,,,,,,,,,,,,,,,,,,,,,1,,,,,,,,,,,,,,,,,,,,
grip2_gearbox,combat_shotgun,g004,Grip,,,,Gearbox,,WeaponPartCost0_Cheap,WeaponPartRarity1_Common,,,,,,,,,,,,,,,,,,,,,,,,,,,,,,,,,,,,,,,,,,,,,,,,,,,,,,,,,,,,,,,,,,,,,,,,,,,,,,,,,,,,,,,,
grip2a_Torgue,combat_shotgun,g005,Grip,,,,Torgue,,WeaponPartCost1_Common,WeaponPartRarity1_Common,,,,p060,,,,,,,,,,,,,,,,,-0.4,,,,,,,,,,,,,,,,,,,,,,,,,,,,,,,,,,,,,,,,,,,,,,,1,,,,,,,,,,,,,,,,,,,,
grip3,combat_shotgun,g006,Grip,,,,Maliwan,,WeaponPartCost1_Common,WeaponPartRarity1_Common,,,,,,,,,,,,,,,,,,,,,,,,,,,,,,,,,,,,,,,,,,,,,,,,,,,,,,,,,,,,,,,,,,,,,,,,,,,,,,,,,,,,,,,,
grip3a,combat_shotgun,g007,Grip,,,,Vladof,,WeaponPartCost1_Common,WeaponPartRarity1_Common,,,,,,,,,,,,,,,,,,,,,,,,,,,,,,,,,,,,,,,,,,,,,,,,,,,,,,,,,,,,,,,,,,,,,,,,,,,,,,,,,,,,,,,,
grip3b,combat_shotgun,g008,Grip,,,,Hyperion,,WeaponPartCost1_Common,WeaponPartRarity1_Common,,,,,,,,,,,,,,,,,,,,,,,,,,,,,,,,,,,,,,,,,,,,,,,,,,,,,,,,,,,,,,,,,,,,,,,,,,,,,,,,,,,,,,,,
grip4,combat_shotgun,g009,Grip,,,,Jakobs,,WeaponPartCost1_Common,WeaponPartRarity1_Common,,,,,,,,,,,,,,,,,,,,,,,,,,,,,,,,,,,,,,,,,,,,,,,,,,,,,,,,,,,,,,,,,,,,,,,,,,,,,,,,,,,,,,,,
grip5,combat_shotgun,g010,Grip,,,,Atlas,,WeaponPartCost1_Common,WeaponPartRarity1_Common,,,,,,,,,,,,,,,,,,,,,,,,,,,,,,,,,,,,,,,,,,,,,,,,,,,,,,,,,,,,,,,,,,,,,,,,,,,,,,,,,,,,,,,,
mag1,combat_shotgun,m003,Magazine,,,,,,WeaponPartCost1_Common,WeaponPartRarity1_Common,,,-0.18,,,,,,,,,,,,,,,,-0.40,,,,,,,,,,1,,,,,,,,,,,,,,,,,,,,,,,,,,,,,,,,,,,,,,,,,,,,,,,,,,,,,,,,,,,
mag2,combat_shotgun,m004,Magazine,,,,,,WeaponPartCost4_Rare,WeaponPartRarity4_Rare,,,,,,,,,,,,,,,,,,,0.60,,,,,,,,,,90,6,,,,,,,,,,,,,,,,,,,,,,,,,,,,,,,,,,,,,,,,,,,,,,,,,,,,,,,,,,
mag2_Dahl_Bulldog,combat_shotgun,m005,Magazine,,,,Dahl,,WeaponPartCost6_Legendary,WeaponPartRarity3_Uncommoner,,2,,,,,,,,,,,,,,,,,-0.50,,-0.20,,,,,,,,90,14,,t014,,,,,,,,,,,,,,,,,,,,,,,,,,,,,,,,,,,,,,,,,,,,,,,,,,,,,,,,
mag4,combat_shotgun,m006,Magazine,,,,,,WeaponPartCost2_Uncommon,WeaponPartRarity2_Uncommon,,,,,,,,,,,,,,,,,,,,,,,,,,,,,4,,,,,,,,,,,,,,,,,,,,,,,,,,,,,,,,,,,,,,,,,,,,,,,,,,,,,,,,,,,
mag5,combat_shotgun,m007,Magazine,,,,,,WeaponPartCost3_Uncommoner,WeaponPartRarity3_Uncommoner,,,1.02,,,,,,,,,,,,,,,,-0.50,,,,,,,,,,5,-4,,,,,,,,,,,,,,,,,,,,,,,,,,,,,,,,,,,,,,,,,,,,,,,,,,,,,,,,,,
Blister_barrel3,combat_shotgun,u001,Barrel,,,,Torgue,,WeaponPartCost0_Cheap,WeaponPartRarity1_Common,,2,0.3,p018,,,,,,,,,,-0.3,-0.3,,-0.5,,,,,,,,,,,,,,,t019,,,,,,,,,,,,,,,,,,,,,,,,,,,,,,,,,,,,,,,,,,,,,,,,,,,,,,,,
Blister_Material,combat_shotgun,u002,Material,,,,Torgue,,WeaponPartCost0_Cheap,WeaponPartRarity1_Common,,,,,,,,,3,,,,-0.23,-0.60,0.15,-0.20,0.20,,,,,,,,,,,,,,,,,,,,,,,,,,,,,,,,,,,,,,,,,,,,,,,,,,,,,,,,,,,,,,,,,,,,,,,
BoomStick_barrel3_Carnage,combat_shotgun,u003,Barrel,,,,Torgue,,WeaponPartCost1_Common,WeaponPartRarity1_Common,,-500,6.0,p018,,,,,,,,,,-0.3,-0.3,,1.0,,1.0,,-4.0,,,,,,,,,,,t018,,,,,,,,,,,,,,,,,,,,,,,,,6,-100,3,,,1,,,,,,,,,,,,,,,,,,,,,,,,,,
BoomStick_Material,combat_shotgun,u004,Material,,,,Torgue,,WeaponPartCost3_Uncommoner,WeaponPartRarity3_Uncommoner,,,0.24,,,,,3,,3,,1,,,,0.54,0.35,,,,-0.16,,,,,,,,,,,,,,,,,,,,,,,,,,,,,,,,,,,,,,,,,,,,,,,,,,,,,,,,,,,,,,,,,,,
SledgesShotgun_barrel2,combat_shotgun,u005,Barrel,,,,Jakobs,,WeaponPartCost1_Common,WeaponPartRarity1_Common,,,-0.35,,,,,,,,,,,1.0,0.2,2,1.5,,0.6,,-7,6,,,2,,,,,,,t020,,,,,,,,,,,,,,,,,,,,,,,,,100,,3,,,,,,,,,,,,,,,,,,,,,,,,,,,,,
SledgesShotgun_Material,combat_shotgun,u006,Material,,,,Jakobs,,WeaponPartCost4_Rare,WeaponPartRarity4_Rare,,,0.55,,,,,3,,,,2,,,,0.45,0.6,XX,,,0.5,6,,,,,,,,,,,,,,,,,,,,,,,,,,,,,,,,,,,,,,,,,,,,,,,,,,,,,,,,,,,,,,,,,,
TKsWave_barrel2,combat_shotgun,u007,Barrel,,,,Dahl,,WeaponPartCost1_Common,WeaponPartRarity1_Common,,,0.3,,,,,,,,,,,-0.2,0.2,0.1,0.2,,,,,,,,,,,1,,,,t021,,,,,,,,,,,,,,,,,,,,,,,,,,,,,,,0.5,,,,,,,,,,,,,,,,,,,,,,,,,
TKsWave_Material,combat_shotgun,u008,Material,,,,Dahl,,WeaponPartCost3_Uncommoner,WeaponPartRarity3_Uncommoner,,,,,,,,,3,,,1,-0.23,-0.6,0.1,-0.2,0.15,U,-0.24,,,,,,,,,,,,,,,,,,,,,,,,,,,,,,,,,,,,,,,,,,,,,,,,,,,,,,,,,,,,,,,,,,,,,
acc1_Bladed,revolver_pistol,a017,Accessory,,,,,,WeaponPartCost5_VeryRare,WeaponPartRarity3_Uncommoner,,,,p063,,,,,,,,,,,,,,,,,,,,,,,,,,,,,,,,,,,,,,,,,,,,,,,,,,,,,,,,1,4,,,,,,,,,,,,,,,,,,,,,,,,,,,
acc1_Razor,revolver_pistol,a018,Accessory,,,,,,WeaponPartCost3_Uncommoner,,,,,,,,,,,,,,,,,,,,,,,,,,,,,,,,,t023,,,,,,,,,,,,,,,,,,,,,,,,,,,,2,6,,,,,,,,,,,,,,,,,,,,,,,,,,,
acc2_Masher,revolver_pistol,a019,Accessory,,,,,,WeaponPartCost3_Uncommoner,WeaponPartRarity3_Uncommoner,,,-2,,,,,,,,,,,,,1,2,,,,,,,,6,,,,,,,t024,,,,,,,,,,,,,,,,,,,,,,,,,,,,,4,,,,,,,,,,,,,,,,,,,,,,,,,,,
acc3_Corrosive,revolver_pistol,a020,Accessory,,,,,,WeaponPartCost3_Uncommoner,WeaponPartRarity3_Uncommoner,,6,-0.40,,,,,,,,,,,,,,,,,,,,,,,,,,88,,,,6,p023,Corrosive,100,0,y019,9,p024,Corrosive,40,20,y020,12,p025,Corrosive,20,20,y021,15,p026,Corrosive,15,20,y022,,,,,,,,,,,,,,,,,,,,,,,,,,,,,,,,
acc3_Maliwan_Defiler_Corrosive,revolver_pistol,a021,Accessory,,,,,,WeaponPartCost6_Legendary,WeaponPartRarity3_Uncommoner,,14,0.15,,,,,,,,,,,,,,,,,,,,,,,,,,888,,,t031,6,p023,Corrosive,100,0,y020,9,p024,Corrosive,40,20,y020,12,p025,Corrosive,20,20,y021,15,p026,Corrosive,20,20,y022,,,,,,,,,,,,,,,,,,,,,,,,,,,,,,,,
acc3_Shock,revolver_pistol,a022,Accessory,,,,,,WeaponPartCost3_Uncommoner,WeaponPartRarity3_Uncommoner,,6,-0.40,,,,,,,,,,,,,,,,,,,,,,,,,,88,,,,6,p035,Shock,100,0,y043,9,p036,Shock,40,20,y027,12,p037,Shock,20,20,y028,15,p038,Shock,15,20,y029,,,,,,,,,,,,,,,,,,,,,,,,,,,,,,,,
acc4_stabilized,revolver_pistol,a023,Accessory,,,,,,WeaponPartCost3_Uncommoner,WeaponPartRarity3_Uncommoner,,,,p071,,,,,,,,,0.5,,,-0.2,,,,,,,,,,,,,55,,,,,,,,,,,,,,,,,,,,,,,,,,,,,,,,,,,,,,,,,,,,,,,,,,,,,,,,,,,
acc5_Atlas_Chimera,revolver_pistol,a024,Accessory,,,,Atlas,,WeaponPartCost6_Legendary,WeaponPartRarity3_Uncommoner,,10,,,,,,,,,,,,,,,,,,,,,,,,,,,88,,,t028,6,,Explosive,100,0,y015,9,,Shock,30,20,y027,12,,Shock,15,20,y028,15,,Shock,10,20,y029,,,,,,,,,,,,,,,,,,,,,,,,,,,,,,,,
acc5_Incendiary,revolver_pistol,a025,Accessory,,,,,,WeaponPartCost3_Uncommoner,WeaponPartRarity3_Uncommoner,,6,-0.40,,,,,,,,,,,,,,,,,,,,,,,,,,88,,,,6,p031,Incendiary,100,0,y023,9,p032,Incendiary,40,20,y024,12,p033,Incendiary,20,20,y025,15,p034,Incendiary,15,20,y026,,,,,,,,,,,,,,,,,,,,,,,,,,,,,,,,
acc5_Explosive,revolver_pistol,a026,Accessory,,,,,,WeaponPartCost3_Uncommoner,WeaponPartRarity3_Uncommoner,,6,-0.40,,,,,,,,,,,,,,,,,,,,,,,,,,88,,,,6,p027,Explosive,100,0,y015,9,p028,Explosive,40,20,y016,12,p029,Explosive,20,20,y017,15,p030,Explosive,15,20,y018,,,,,,,,,,,,,,,,,,,,,,,,,,,,,,,,
acc_none,revolver_pistol,a027,Accessory,,,,,,WeaponPartCost1_Common,WeaponPartRarity1_Common,,,,,,,,,,,,,,,,,,,,,,,,,,,,,,,,,,,,,,,,,,,,,,,,,,,,,,,,,,,,,,,,,,,,,,,,,,,,,,,,,,,,,,,,
barrel1,revolver_pistol,b010,Barrel,,,,,,WeaponPartCost1_Common,WeaponPartRarity1_Common,,,-0.04,,,,,,,,,,,,,,,,,,,,,,,,,,,,,,,,,,,,,,,,,,,,,,,,,,,,,,,,,,,,,,,,,,,,,,,,,,,,,,,,,,,,,
barrel2,revolver_pistol,b011,Barrel,,,,,,WeaponPartCost1_Common,WeaponPartRarity1_Common,,,0.15,,,,,,,,,,,-0.2,0.2,0.2,0.28,,,,,,,,,,,,,,,,,,,,,,,,,,,,,,,,,,,,,,,,,,,,,,,,,,,,,,,,,,,,,,,,,,,,,,,
barrel3,revolver_pistol,b012,Barrel,,,,,,WeaponPartCost2_Uncommon,WeaponPartRarity2_Uncommon,,1,0.1,,,,,,,,,,,-0.3,-0.3,,-0.5,,,,,,,,,,,,,,,,,,,,,,,,,,,,,,,,,,,,,,,,,,,,,,,,,,,,,,,,,,,,,,,,,,,,,,,
barrel4,revolver_pistol,b013,Barrel,,,,,,WeaponPartCost3_Uncommoner,WeaponPartRarity3_Uncommoner,,1,0.3,,,,,,,,,,,-0.1,-0.4,0.35,-0.3,,,,,,,,,,,,,,,,,,,,,,,,,,,,,,,,,,,,,,,,,,,,,,,,,,,,,,,,,,,,,,,,,,,,,,,
barrel4_Dahl_Anaconda,revolver_pistol,b014,Barrel,,,,Dahl,,WeaponPartCost6_Legendary,WeaponPartRarity3_Uncommoner,,2,0.6,,,,,,,,,,,-0.4,-0.8,0.3,-0.8,,,,,,,,,,,,,,,t029,,,,,,,,,,,,,,,,,,,,,,,,,,,,,,,,,,,,,,,,,,,,,,,,,,,,,,,,
barrel5,revolver_pistol,b015,Barrel,,,,,,WeaponPartCost4_Rare,WeaponPartRarity4_Rare,,,0.15,,,,,,,,,,,-0.4,-1.5,-0.5,-1.3,,,,,,,,,,,,,,,,,,,,,,,,,,,,,,,,,,,,,,,,,,,,,,,,,,,,,,,,,,,,,,,,,,,,,,,
barrel5_Jakobs_Unforgiven,revolver_pistol,b016,Barrel,,,,Jakobs,,WeaponPartCost6_Legendary,WeaponPartRarity3_Uncommoner,,,0.5,,,,,,,,,,-0.7,-0.4,-2.0,0.5,-1.3,,,,0.35,,,,,,,3,1,,,t030,,,,,,,,,,,,,,,,,,,,,,,,,,,,,,,1.0,,,,,,,,,,,,,,,,,,,,,,,,,
body1,revolver_pistol,f007,Body,,,,,,WeaponPartCost1_Common,WeaponPartRarity1_Common,,,-0.08,,,,,,,,,,,,,,,RV,,,,,,,,,,,,,,,,,,,,,,,,,,,,,,,,,,,,,,,,,,,,,,,,,,,,,,,,,,,,,,,,,,,,,,
body2,revolver_pistol,f008,Body,,,,,,WeaponPartCost1_Common,WeaponPartRarity2_Uncommon,,,0.1,,,,,,,,,,,,,0.3,,DL,,,0.2,,,,,,,,,,,,,,,,,,,,,,,,,,,,,,,,,,,,,,,,,,,,,,,,,,,,,,,,,,,,,,,,,,,
body3,revolver_pistol,f009,Body,,,,,,WeaponPartCost2_Uncommon,WeaponPartRarity2_Uncommon,,3,-0.15,,,,,,,,,,,,,-0.3,,MAL,,,-0.3,,,,,,,,,,,,,,,,,,,,,,,,,,,,,,,,,,,,,,,,,,,,,,,,,,,,,,,,,,,,,,,,,,,
body3_tediore_Equalizer,revolver_pistol,f010,Body,,,,Tediore,,WeaponPartCost6_Legendary,WeaponPartRarity3_Uncommoner,,4,0.25,,,,,,,,,,,,,-0.3,,EQ,,,-0.3,,,,,,,,,,,t032,,,,,,,,,,,,,,,,,,,,,,,,,,,,,,,,0.3,3,,,,,,,,,,,,,,,,,,,,,,,
body4,revolver_pistol,f011,Body,,,,,,WeaponPartCost3_Uncommoner,WeaponPartRarity3_Uncommoner,,1,0.2,,,,,,,,,,,,,0.5,,KLR,,,0.3,,,,,,,,,,,,,,,,,,,,,,,,,,,,,,,,,,,,,,,,,,,,,,,,,,,,,,,,,,,,,,,,,,,
body5,revolver_pistol,f012,Body,,,,,,WeaponPartCost4_Rare,WeaponPartRarity4_Rare,,1,0.2,,,,,,,,,,,,,-0.2,,AX,,,-0.5,,,,,,,,,,,,,,,,,,,,,,,,,,,,,,,,,,,,,,,,,,,,,,,,,,,,,,,,,,,,,,,,,,,
sight1,revolver_pistol,z007,Sight,,,,,,WeaponPartCost3_Uncommoner,WeaponPartRarity3_Uncommoner,,,,,,,,,,,,,,,,,,,,,,,,,,,,,,,,,,,,,,,,,,,,,,,,,,,,,,,,,,,,,,,,,,-0.4,1,,,,,,,,,,,,,,,,,,,,,
sight2,revolver_pistol,z008,Sight,,,,,,WeaponPartCost3_Uncommoner,WeaponPartRarity3_Uncommoner,,,,,,,,,,,,,,,,,,,,,,,,,,,,,,,,,,,,,,,,,,,,,,,,,,,,,,,,,,,,,,,,,,-0.7,2,,,,,,,,,,,,,,,,,,,,,
sight3,revolver_pistol,z009,Sight,,,,,,WeaponPartCost3_Uncommoner,WeaponPartRarity3_Uncommoner,,,,,,,,,,,,,,,,,,,,,,,,,,,,,,,,,,,,,,,,,,,,,,,,,,,,,,,,,,,,,,,,,,-1.0,3,,,,,,,,,,,,,,,,,,,,,
sight4,revolver_pistol,z010,Sight,,,,,,WeaponPartCost4_Rare,WeaponPartRarity4_Rare,,,,,,,,,,,,,,,,,,,,,,,,,,,,,,,,,,,,,,,,,,,,,,,,,,,,,,,,,,,,,,,,,,-2.0,4,,,,,,,,,,,,,,,,,,,,,
sight5,revolver_pistol,z011,Sight,,,,,,WeaponPartCost5_VeryRare,WeaponPartRarity5_VeryRare,,,,,,,,,,,,,,,,,,,,,,,,,,,,,,,,,,,,,,,,,,,,,,,,,,,,,,,,,,,,,,,,,,-3.0,5,,,,,,,,,,,,,,,,,,,,,
sight_none,revolver_pistol,z012,Sight,,,,,,WeaponPartCost1_Common,WeaponPartRarity1_Common,,,,,,,,,,,,,,,,,,,,,,,,,,,,,,,,,,,,,,,,,,,,,,,,,,,,,,,,,,,,,,,,,,,,,,,,,,,,,,,,,,,,,,,,
stock1,revolver_pistol,s005,Stock,,,,,,WeaponPartCost2_Uncommon,WeaponPartRarity2_Uncommon,,,,,,,,,,,,,,,,,,,,,,,,,,,,,,,,,,,,,,,,,,,,,,,,,,,,,,,,,,,,,,,,,,,,,,,,,,,,,,,,,,,,,,,,
stock2,revolver_pistol,s006,Stock,,,,,,WeaponPartCost3_Uncommoner,WeaponPartRarity3_Uncommoner,,,,,,,,,,,,,0.2,-0.1,-0.1,-0.4,,,0.3,,,,,,,,,,20,,,,,,,,,,,,,,,,,,,,,,,,,,,,,,,,,,,,,,,,,,,,,,,,,,,,,,,,,,,
stock3,revolver_pistol,s007,Stock,,,,,,WeaponPartCost4_Rare,WeaponPartRarity4_Rare,,,,,,,,,,,,,0.4,-0.2,-0.2,-0.3,,,,,,,,,,,,,30,,,,,,,,,,,,,,,,,,,,,,,,,,,,,,,,,,,,,,,,,,,,,,,,,,,,,,,,,,,
stock_none,revolver_pistol,s008,Stock,,,,,,WeaponPartCost1_Common,WeaponPartRarity1_Common,,,,,,,,,,,,,1.0,-0.2,0.5,0.4,,,-0.3,,,,,,,,,,10,,,,,,,,,,,,,,,,,,,,,,,,,,,,,,,,,,,,,,,,,,,,,,,,,,,,,,,,,,,
grip1,revolver_pistol,g011,Grip,,,,Tediore,,WeaponPartCost1_Common,WeaponPartRarity1_Common,,,,,,,,,,,,,,,,,,,,,,,,,,,,,,,,,,,,,,,,,,,,,,,,,,,,,,,,,,,,,,,,,,,,,,,,,,,,,,,,,,,,,,,,
grip2,revolver_pistol,g012,Grip,,,,Dahl,,WeaponPartCost1_Common,WeaponPartRarity1_Common,,,,,,,,,,,,,,,,,,,,,,,,,,,,,,,,,,,,,,,,,,,,,,,,,,,,,,,,,,,,,,,,,,,,,,,,,,,,,,,,,,,,,,,,
grip3,revolver_pistol,g013,Grip,,,,Maliwan,,WeaponPartCost1_Common,WeaponPartRarity1_Common,,,,,,,,,,,,,,,,,,,,,,,,,,,,,,,,,,,,,,,,,,,,,,,,,,,,,,,,,,,,,,,,,,,,,,,,,,,,,,,,,,,,,,,,
grip3_Gearbox,revolver_pistol,g014,Grip,,,,Gearbox,,WeaponPartCost0_Cheap,WeaponPartRarity1_Common,,,,,,,,,,,,,,,,,,,,,,,,,,,,,,,,,,,,,,,,,,,,,,,,,,,,,,,,,,,,,,,,,,,,,,,,,,,,,,,,,,,,,,,,
grip4,revolver_pistol,g015,Grip,,,,Jakobs,,WeaponPartCost1_Common,WeaponPartRarity1_Common,,,,,,,,,,,,,,,,,,,,,,,,,,,,,,,,,,,,,,,,,,,,,,,,,,,,,,,,,,,,,,,,,,,,,,,,,,,,,,,,,,,,,,,,
grip5,revolver_pistol,g016,Grip,,,,Atlas,,WeaponPartCost1_Common,WeaponPartRarity1_Common,,,,,,,,,,,,,,,,,,,,,,,,,,,,,,,,,,,,,,,,,,,,,,,,,,,,,,,,,,,,,,,,,,,,,,,,,,,,,,,,,,,,,,,,
mag1,revolver_pistol,m008,Magazine,,,,,,WeaponPartCost2_Uncommon,WeaponPartRarity2_Uncommon,,,-0.18,,,,,,,,,,,,,,,,-0.3,,,,,,,,,,2,,,,,,,,,,,,,,,,,,,,,,,,,,,,,,,,,,,,,,,,,,,,,,,,,,,,,,,,,,,
mag2,revolver_pistol,m009,Magazine,,,,,,WeaponPartCost1_Common,WeaponPartRarity1_Common,,,,,,,,,,,,,,,,,,,,,,,,,,,,,1,,,,,,,,,,,,,,,,,,,,,,,,,,,,,,,,,,,,,,,,,,,,,,,,,,,,,,,,,,,
mag3,revolver_pistol,m010,Magazine,,,,,,WeaponPartCost3_Uncommoner,WeaponPartRarity3_Uncommoner,,3,,,,,,,,,,,,,,,,,-0.15,,,,,,,,,,3,-3,,,,,,,,,,,,,,,,,,,,,,,,,,,,,,,,,,,,,,,,,,,,,,,,,,,,,,,,,,
mag4,revolver_pistol,m011,Magazine,,,,,,WeaponPartCost2_Uncommon,WeaponPartRarity2_Uncommon,,,,,,,,,,,,,,,,,,,-0.10,,-0.21,,,,,,,,,,,,,,,,,,,,,,,,,,,,,,,,,,,,,,,,,,,,,,,,,,,,,,,,,,,,,,,,,,,
mag5,revolver_pistol,m012,Magazine,,,,,,WeaponPartCost4_Rare,WeaponPartRarity4_Rare,,2,1.02,,,,,,,,,,,,,,,X,-0.50,,,,,,,,,,,-4,,,,,,,,,,,,,,,,,,,,,,,,,,,,,,,,,,,,,,,,,,,,,,,,,,,,,,,,,,
MadJack_acc5_Explosive,revolver_pistol,u009,Accessory,,,,Maliwan,,WeaponPartCost3_Uncommoner,WeaponPartRarity3_Uncommoner,,6,-0.4,,,,,,,,,,,,,,,,,,,,,,,,,,,,,,6,p027,Explosive,100,0,y016,9,p028,Explosive,30,20,y017,12,p029,Explosive,20,20,y017,15,p030,Explosive,15,20,y018,,,,,,,,,,,,,,,,,,,,,,,,,,,,,,,,
MadJack_barrel3,revolver_pistol,u010,Barrel,,,,Maliwan,,WeaponPartCost1_Common,WeaponPartRarity1_Common,,1,0.6,p018,,,,,,,,,,-0.3,-0.3,,-0.5,,,,-2.0,,,,,,,,,,,t033,,,,,,,,,,,,,,,,,,,,,,,,,,,,,,,,,,,,,,,,,,,,,,,,,,,,,,,,
MadJack_Material,revolver_pistol,u011,Material,,,,Maliwan,,WeaponPartCost3_Uncommoner,WeaponPartRarity3_Uncommoner,,4,,,,,,,,,,1,,,,,-0.11,,-0.11,,,,,,,,,,,,,,,,,,,,,,,,,,,,,,,,,,,,,,,,,,,,,,,,,,,,,,,,,,,,,,,,,,,,,
Patton_grip5,revolver_pistol,u012,Grip,,,,Atlas,,WeaponPartCost1_Common,WeaponPartRarity1_Common,,,0.35,p018,,,,,,,,,,,,,,,,,,,,,,,,,,,,t034,,,,,,,,,,,,,,,,,,,,,,,,,,,,,,,,,,,,,,,,,,,,,,,,,,,,,,,,
Patton_Material,revolver_pistol,u013,Material,,,,Atlas,,WeaponPartCost1_Common,WeaponPartRarity1_Common,,4,,,,,,,,,,,,,,,,,,,,,,,,,,,,,,,,,,,,,,,,,,,,,,,,,,,,,,,,,,,,,,,,,,,,,,,,,,,,,,,,,,,,,,
acc_none,repeater_pistol,a042,Accessory,,,,,,WeaponPartCost1_Common,WeaponPartRarity1_Common,,,,,,,,,,,,,,,,,,,,,,,,,,,,,,,,,,,,,,,,,,,,,,,,,,,,,,,,,,,,,,,,,,,,,,,,,,,,,,,,,,,,,,,,
acc1_Fanged,repeater_pistol,a029,Accessory,,,,,,WeaponPartCost3_Uncommoner,WeaponPartRarity3_Uncommoner,,,,p070,,,,,,,,,,,,,,,,,,,,,,,,,,,,,,,,,,,,,,,,,,,,,,,,,,,,,,,,1,4,,,,,,,,,,,,,,,,,,,,,,,,,,,
acc1_Lacerator,repeater_pistol,a030,Accessory,,,,,,WeaponPartCost5_VeryRare,WeaponPartRarity5_VeryRare,,,,,,,,,,,,,,,,,,,,,,,,,,,,,,,,t036,,,,,,,,,,,,,,,,,,,,,,,,,,,,2,6,,,,,,,,,,,,,,,,,,,,,,,,,,,
acc2_Atlas_Troll,repeater_pistol,a031,Accessory,,,,Atlas,,WeaponPartCost6_Legendary,WeaponPartRarity3_Uncommoner,,,,,,,,,,,,,1,,,-1,,,,,,,,,,,,,1000,,,t041,,,,,,,,,,,,,,,,,,,,,,,,,,,,,,,,,,,,,,1,,,,,,,,,,,,,,,,,,
acc2_Stabilizer,repeater_pistol,a032,Accessory,,,,,,WeaponPartCost3_Uncommoner,WeaponPartRarity3_Uncommoner,,,,p071,,,,,,,,,1,,,-1,,,,,,,,,,,,,55,,,,,,,,,,,,,,,,,,,,,,,,,,,,,,,,,,,,,,,,,,,,,,,,,,,,,,,,,,,
acc3_LaserSight,repeater_pistol,a033,Accessory,,,,,,WeaponPartCost3_Uncommoner,WeaponPartRarity3_Uncommoner,,,,,,,,,,,,,0.1,,-1.2,,,,,,,,,,,,,,13,,,,,,,,,,,,,,,,,,,,,,,,,,,,,,,,,,,,,,,,,,,,,,,,,,,,,,,,,,,
acc4_DoubleShot,repeater_pistol,a034,Accessory,,,,,,WeaponPartCost3_Uncommoner,WeaponPartRarity3_Uncommoner,,,-0.18,p003,,,0.2,,,,,,,,,,0.75,,,,,,,,1,,,,55,,,,,,,,,,,,,,,,,,,,,,,,,,,,,,,,,,,,,,,,,,1,,,,,,,,,,,,,,,,,
acc4_SandS_Gemini,repeater_pistol,a035,Accessory,,,,SandS Munitions,,WeaponPartCost6_Legendary,WeaponPartRarity3_Uncommoner,,,,,,,0.6,,,,,,,,,,,,,,,,,,1,,,,55,,,t045,,,,,,,,,,,,,,,,,,,,,,,,,2,,,,,,,,,,,,,,,,,,,,,,,,,,,,,,,
acc5_Corrosive,repeater_pistol,a036,Accessory,,,,,,WeaponPartCost3_Uncommoner,WeaponPartRarity3_Uncommoner,,6,-0.4,,,,,,,,,,,,,,,,,,,,,,,,,,88,,,,6,p023,Corrosive,30,4,y001,9,p024,Corrosive,15,4,y001,12,p025,Corrosive,15,5,y001,15,p026,Corrosive,10,5,y001,,,,,,,,,,,,,,,,,,,,,,,,,,,,,,,,
acc5_Explosive,repeater_pistol,a037,Accessory,,,,,,WeaponPartCost3_Uncommoner,WeaponPartRarity3_Uncommoner,,6,-0.40,,,,,,,,,,,,,,,,,,,,,,,,,,88,,,,6,p027,Explosive,30,4,y004,9,p028,Explosive,15,4,y004,12,p029,Explosive,15,5,y004,15,p030,Explosive,10,5,y004,,,,,,,,,,,,,,,,,,,,,,,,,,,,,,,,
acc5_Hornet_Dahl_Corrosive,repeater_pistol,a038,Accessory,,,,Dahl,,WeaponPartCost6_Legendary,WeaponPartRarity3_Uncommoner,,10,0.15,,,,,,,,,,,,,1.0,,,,,-1.5,,,,,,,,88,,,t042,6,,Corrosive,30,4,y001,9,,Corrosive,15,4,y001,12,,Corrosive,15,5,y001,15,,Corrosive,10,5,y001,2,,3,,,,,,,,,,,,,,,,,,,,,,,,,,,,,
acc5_Incendiary,repeater_pistol,a039,Accessory,,,,,,WeaponPartCost3_Uncommoner,WeaponPartRarity3_Uncommoner,,6,-0.40,,,,,,,,,,,,,,,,,,,,,,,,,,88,,,,6,p031,Incendiary,30,4,y003,9,p032,Incendiary,15,4,y003,12,p033,Incendiary,15,5,y003,15,p034,Incendiary,10,5,y003,,,,,,,,,,,,,,,,,,,,,,,,,,,,,,,,
acc5_Maliwan_Firehawk,repeater_pistol,a040,Accessory,,,,Maliwan,,WeaponPartCost6_Legendary,WeaponPartRarity3_Uncommoner,,14,0.10,,,,,,,,,,,,,,-0.70,,,,,,,,,,,,88,,,t044,6,,Incendiary,30,4,y011,9,,Incendiary,15,4,y011,12,,Incendiary,15,5,y011,15,,Incendiary,10,5,y011,,,,,,,,,,,,,,,,,,,,,,,,,,,,,,,,
acc5_Shock,repeater_pistol,a041,Accessory,,,,,,WeaponPartCost3_Uncommoner,WeaponPartRarity3_Uncommoner,,6,-0.40,,,,,,,,,,,,,,,,,,,,,,,,,,88,,,,6,p035,Shock,30,4,y002,9,p036,Shock,15,4,y002,12,p037,Shock,15,5,y002,15,p038,Shock,5,5,y002,,,,,,,,,,,,,,,,,,,,,,,,,,,,,,,,
action1,repeater_pistol,e001,Action,,,,,,WeaponPartCost1_Common,WeaponPartRarity1_Common,,,,,,,,,,,,,,,,,,,,,,,,,,,,,,,,,,,,,,,,,,,,,,,,,,,,,,,,,,,,,,,,,,,,,,,,,,,,,,,,,,,,,,,,
action2,repeater_pistol,e002,Action,,,,,,WeaponPartCost1_Common,WeaponPartRarity1_Common,,,,,,,,,,,,,,,,0.05,,,,,-0.08,,,,,,,,20,,,,,,,,,,,,,,,,,,,,,,,,,,,,,,,,,,,,,,,,,,,,,,,,,,,,,,,,,,,
action3,repeater_pistol,e003,Action,,,,,,WeaponPartCost2_Uncommon,WeaponPartRarity2_Uncommon,,2,,,,,,,,,,,,,,-0.2,,,,,-0.12,,,,,,,,30,,,,,,,,,,,,,,,,,,,,,,,,,,,,,,,,,,,,,,,,,,,,,,,,,,,,,,,,,,,
action4,repeater_pistol,e004,Action,,,,,,WeaponPartCost3_Uncommoner,WeaponPartRarity3_Uncommoner,,,0.11,,,,,,,,,,,,,0.45,,,,,0.09,,,,,,,,40,,,,,,,,,,,,,,,,,,,,,,,,,,,,,,,,,,,,,,,,,,,,,,,,,,,,,,,,,,,
action5,repeater_pistol,e005,Action,,,,,,WeaponPartCost4_Rare,WeaponPartRarity4_Rare,,,0.06,,,,,,,,,,,,,,,,,,-0.36,,,,,,,,50,,,,,,,,,,,,,,,,,,,,,,,,,,,,,,,,,,,,,,,,,,,,,,,,,,,,,,,,,,,
grip1,repeater_pistol,g017,Grip,,,,Tediore,,WeaponPartCost1_Common,WeaponPartRarity1_Common,,,,,,,,,,,,,,,,,,,,,,,,,,,,,,,,,,,,,,,,,,,,,,,,,,,,,,,,,,,,,,,,,,,,,,,,,,,,,,,,,,,,,,,,
grip2,repeater_pistol,g018,Grip,,,,Vladof,,WeaponPartCost1_Common,WeaponPartRarity1_Common,,,,,,,,,,,,,,,,,,,,,,,,,,,,,,,,,,,,,,,,,,,,,,,,,,,,,,,,,,,,,,,,,,,,,,,,,,,,,,,,,,,,,,,,
grip2_Atlas,repeater_pistol,g019,Grip,,,,Atlas,,WeaponPartCost1_Common,WeaponPartRarity1_Common,,,,,,,,,,,,,,,,,,,,,,,,,,,,,,,,,,,,,,,,,,,,,,,,,,,,,,,,,,,,,,,,,,,,,,,,,,,,,,,,,,,,,,,,
grip3,repeater_pistol,g020,Grip,,,,SandS Munitions,,WeaponPartCost1_Common,WeaponPartRarity1_Common,,,,,,,,,,,,,,,,,,,,,,,,,,,,,,,,,,,,,,,,,,,,,,,,,,,,,,,,,,,,,,,,,,,,,,,,,,,,,,,,,,,,,,,,
grip3_Gearbox,repeater_pistol,g021,Grip,,,,Gearbox,,WeaponPartCost1_Common,WeaponPartRarity1_Common,,,,,,,,,,,,,,,,,,,,,,,,,,,,,,,,,,,,,,,,,,,,,,,,,,,,,,,,,,,,,,,,,,,,,,,,,,,,,,,,,,,,,,,,
grip3_Maliwan,repeater_pistol,g022,Grip,,,,Maliwan,,WeaponPartCost1_Common,WeaponPartRarity1_Common,,,,,,,,,,,,,,,,,,,,,,,,,,,,,,,,,,,,,,,,,,,,,,,,,,,,,,,,,,,,,,,,,,,,,,,,,,,,,,,,,,,,,,,,
grip4,repeater_pistol,g023,Grip,,,,Torgue,,WeaponPartCost1_Common,WeaponPartRarity1_Common,,,,,,,,,,,,,,,,,,,,,,,,,,,,,,,,,,,,,,,,,,,,,,,,,,,,,,,,,,,,,,,,,,,,,,,,,,,,,,,,,,,,,,,,
grip4_Dahl,repeater_pistol,g024,Grip,,,,Dahl,,WeaponPartCost1_Common,WeaponPartRarity1_Common,,,,,,,,,,,,,,,,,,,,,,,,,,,,,,,,,,,,,,,,,,,,,,,,,,,,,,,,,,,,,,,,,,,,,,,,,,,,,,,,,,,,,,,,
grip5,repeater_pistol,g025,Grip,,,,Hyperion,,WeaponPartCost1_Common,WeaponPartRarity1_Common,,,,,,,,,,,,,,,,,,,,,,,,,,,,,,,,,,,,,,,,,,,,,,,,,,,,,,,,,,,,,,,,,,,,,,,,,,,,,,,,,,,,,,,,
body1,repeater_pistol,f013,Body,,,,,,WeaponPartCost1_Common,WeaponPartRarity1_Common,,,-0.08,,,,,,,,,,,,,,,BLR,,,,,,,,,,,,,,,,,,,,,,,,,,,,,,,,,,,,,,,,,,,,,,,,,,,,,,,,,,,,,,,,,,,,,,
body2,repeater_pistol,f014,Body,,,,,,WeaponPartCost1_Common,WeaponPartRarity2_Uncommon,,,0.1,,,,,,,,,,,,,0.3,,RF,,,0.2,,,,,,,,,,,,,,,,,,,,,,,,,,,,,,,,,,,,,,,,,,,,,,,,,,,,,,,,,,,,,,,,,,,
body3,repeater_pistol,f015,Body,,,,,,WeaponPartCost2_Uncommon,WeaponPartRarity2_Uncommon,,2,-0.15,,,,,,,,,,,,,-0.3,,TK,,,-0.3,,,,,,,,,,,,,,,,,,,,,,,,,,,,,,,,,,,,,,,,,,,,,,,,,,,,,,,,,,,,,,,,,,,
body3_Tediore_Protector,repeater_pistol,f016,Body,,,,Tediore,,WeaponPartCost6_Legendary,WeaponPartRarity3_Uncommoner,,3,0.25,,,,,,,,,,,,,-0.3,,PRO,,,-0.3,,,,,,,,,,,t046,,,,,,,,,,,,,,,,,,,,,,,,,,,,,,,,0.3,3,,,,,,,,,,,,,,,,,,,,,,,
body4,repeater_pistol,f017,Body,,,,,,WeaponPartCost3_Uncommoner,WeaponPartRarity3_Uncommoner,,,0.2,,,,,,,,,,,,,0.5,,HRD,,,0.3,,,,,,,,,,,,,,,,,,,,,,,,,,,,,,,,,,,,,,,,,,,,,,,,,,,,,,,,,,,,,,,,,,,
barrel0,repeater_pistol,b017,Barrel,,,,,,WeaponPartCost1_Common,WeaponPartRarity1_Common,,,-0.13,,,,,,,,,,,-0.5,0.12,-0.12,0.2,,,,,,,,,,,,,,,,,,,,,,,,,,,,,,,,,,,,,,,,,,,,,,,,,,,,,,,,,,,,,,,,,,,,,,,
barrel1,repeater_pistol,b018,Barrel,,,,,,WeaponPartCost1_Common,WeaponPartRarity1_Common,,,-0.04,,,,,,,,,,,,,,,,,,,,,,,,,,,,,,,,,,,,,,,,,,,,,,,,,,,,,,,,,,,,,,,,,,,,,,,,,,,,,,,,,,,,,
barrel2,repeater_pistol,b019,Barrel,,,,,,WeaponPartCost1_Common,WeaponPartRarity1_Common,,,0.15,,,,,,,,,,,-0.2,0.2,0.2,0.28,,,,,,,,,,,,,,,,,,,,,,,,,,,,,,,,,,,,,,,,,,,,,,,,,,,,,,,,,,,,,,,,,,,,,,,
barrel3,repeater_pistol,b020,Barrel,,,,,,WeaponPartCost2_Uncommon,WeaponPartRarity2_Uncommon,,2,0.1,,,,,,,,,,,-0.3,-0.3,,-0.5,,,,,,,,,,,,,,,,,,,,,,,,,,,,,,,,,,,,,,,,,,,,,,,,,,,,,,,,,,,,,,,,,,,,,,,
barrel4,repeater_pistol,b021,Barrel,,,,,,WeaponPartCost3_Uncommoner,WeaponPartRarity3_Uncommoner,,1,0.3,,,,,,,,,,,-0.1,-0.4,0.35,-0.3,,,,,,,,,,,,,,,,,,,,,,,,,,,,,,,,,,,,,,,,,,,,,,,,,,,,,,,,,,,,,,,,,,,,,,,
barrel4_Torgue_Violator,repeater_pistol,b022,Barrel,,,,Torgue,,WeaponPartCost6_Legendary,WeaponPartRarity3_Uncommoner,,2,-1.0,,,,,,,,,,,,,2.0,,,,,-2.0,,,,2,,,,,,,t047,,,,,,,,,,,,,,,,,,,,,,,,,3,,3,,,,,,,,,,,,,,,,,,,,,,,,,,,,,
barrel5,repeater_pistol,b023,Barrel,,,,,,WeaponPartCost4_Rare,WeaponPartRarity4_Rare,,,0.15,,,,,,,,,,,-0.4,-1.5,-0.5,-1.3,,,,,,,,,,,,,,,,,,,,,,,,,,,,,,,,,,,,,,,,,,,,,,,,,,,,,,,,,,,,,,,,,,,,,,,
mag1,repeater_pistol,m013,Magazine,,,,,,WeaponPartCost1_Common,WeaponPartRarity1_Common,,,,,,,,,,,,,,,,,,,-0.3,,,,,,,,,,,,,,,,,,,,,,,,,,,,,,,,,,,,,,,,,,,,,,,,,,,,,,,,,,,,,,,,,,,,,
mag2,repeater_pistol,m014,Magazine,,,,,,WeaponPartCost2_Uncommon,WeaponPartRarity2_Uncommon,,,,,,,,,,,,,,,,,,,,,,,,,,,,,4,4,,,,,,,,,,,,,,,,,,,,,,,,,,,,,,,,,,,,,,,,,,,,,,,,,,,,,,,,,,
mag2a,repeater_pistol,m015,Magazine,,,,,,WeaponPartCost4_Rare,WeaponPartRarity4_Rare,,,,,,,,,,,,,,,,,,,-0.5,,,,,,,,,,5,6,,,,,,,,,,,,,,,,,,,,,,,,,,,,,,,,,,,,,,,,,,,,,,,,,,,,,,,,,,
mag3_Vladof_Rebel,repeater_pistol,m016,Magazine,,,,Vladof,,WeaponPartCost6_Legendary,WeaponPartRarity2_Uncommon,,,0.12,,,,,,,,,,,,,,,,-0.15,,-0.2,,,,,,,,6,22,,t048,,,,,,,,,,,,,,,,,,,,,,,,,,,,,,,,,,,,,,,,,,,,,,,,,,,,,,,,
sight1,repeater_pistol,z013,Sight,,,,,,WeaponPartCost2_Uncommon,WeaponPartRarity2_Uncommon,,,,,,,,,,,,,,,,,,,,,,,,,,,,,,,,,,,,,,,,,,,,,,,,,,,,,,,,,,,,,,,,,,-0.4,1,,,,,,,,,,,,,,,,,,,,,
sight2,repeater_pistol,z014,Sight,,,,,,WeaponPartCost2_Uncommon,WeaponPartRarity2_Uncommon,,,,,,,,,,,,,,,,,,,,,,,,,,,,,,,,,,,,,,,,,,,,,,,,,,,,,,,,,,,,,,,,,,-0.7,2,,,,,,,,,,,,,,,,,,,,,
sight3,repeater_pistol,z015,Sight,,,,,,WeaponPartCost3_Uncommoner,WeaponPartRarity3_Uncommoner,,,,,,,,,,,,,,,,,,,,,,,,,,,,,,,,,,,,,,,,,,,,,,,,,,,,,,,,,,,,,,,,,,-1.0,3,,,,,,,,,,,,,,,,,,,,,
sight4,repeater_pistol,z016,Sight,,,,,,WeaponPartCost4_Rare,WeaponPartRarity4_Rare,,,,p017,,,,,,,,,,,,,,,,,,,,,,,,,,,,,,,,,,,,,,,,,,,,,,,,,,,,,,,,,,,,,,-2.0,4,,,,,,,,,,,,,,,,,,,,,
sight5,repeater_pistol,z017,Sight,,,,,,WeaponPartCost5_VeryRare,WeaponPartRarity5_VeryRare,,1,,p017,,,,,,,,,,,,,,,,,,,,,,,,,,,,,,,,,,,,,,,,,,,,,,,,,,,,,,,,,,,,,,-3.0,5,,,,,,,,,,,,,,,,,,,,,
sight5_Hyperion_Invader,repeater_pistol,z018,Sight,,,,Hyperion,,WeaponPartCost6_Legendary,WeaponPartRarity4_Rare,,1,,,,,,,,,,,,,,,,,,,-2.5,,,,,,,,,,,t043,,,,,,,,,,,,,,,,,,,,,,,,,100,,,,,,,,,-3.0,4,,,,,,,,,,,,,,,,,,,,,
sight_none,repeater_pistol,z019,Sight,,,,,,WeaponPartCost1_Common,WeaponPartRarity1_Common,,,,,,,,,,,,,,,,,,,,,,,,,,,,,,,,,,,,,,,,,,,,,,,,,,,,,,,,,,,,,,,,,,,,,,,,,,,,,,,,,,,,,,,,
KromsSidearm_barrel5,repeater_pistol,u014,Barrel,,,,Atlas,,WeaponPartCost4_Rare,WeaponPartRarity4_Rare,,5,,p018,,,,,,,,,,-0.4,-0.75,,-1.3,,,,-2,,,,,,,,,,,t049,,,,,,,,,,,,,,,,,,,,,,,,,3,,,,,,,,,,,,,,,,,,,,,,,,,,,,,,,
KromsSidearm_Material,repeater_pistol,u015,Material,,,,Atlas,,WeaponPartCost3_Uncommoner,WeaponPartRarity3_Uncommoner,,1,0.19,,0.11,-0.05,0.15,3,3,3,3,1,,,,,,,,,,,,,,,,,,,0.22,,,,,,,,,,,,,,,,,,,,,,,,,,,,,,,,,,,,,,,,,,,,,,,,,,,,,,,,,
LadyFinger_barrel1,repeater_pistol,u016,Barrel,,,,Hyperion,,WeaponPartCost1_Common,WeaponPartRarity1_Common,,,0.15,p018,,,,,,,,,,,-0.2,,-0.2,,,,,,,,,,,5,,,,t050,,,,,,,,,,,,,,,,,,,,,,,,,,,,,,,1,,,,,,,,,,,,,,,,,,,,,,,,,
LadyFinger_Material,repeater_pistol,u017,Material,,,,Hyperion,,WeaponPartCost1_Common,WeaponPartRarity1_Common,,1,,,,,,,3,,,,,,-0.5,-0.7,-0.7,,,3,,,,,,,,,,,,,,,,,,,,,,,,,,,,,,,,,,,,,,,,,,,,,,,,,,,,,,,,,,,,,,,,,,,,
TheDove_barrel4,repeater_pistol,u018,Barrel,,,,Dahl,,WeaponPartCost3_Uncommoner,WeaponPartRarity3_Uncommoner,,1,,p018,,,,,,,,,,-0.1,-0.4,0.1,-0.3,,,,,,,,,,,,,,,t051,,,,,,,,,,,,,,,,,,,,,,,,,,,,,,,,,,,,,,,-1,,,,,,,,,,,,,,,,,
TheDove_Material,repeater_pistol,u019,Material,,,,Dahl,,WeaponPartCost1_Common,WeaponPartRarity1_Common,,1,,,,,,,,,,,,,,,,,,,,,,,,,,,,,,,,,,,,,,,,,,,,,,,,,,,,,,,,,,,,,,,,,,,,,,,,,,,,,,,,,,,,,,
acc1_Hyperion_Reaper,machine_pistol,a043,Accessory,,,,Hyperion,,WeaponPartCost6_Legendary,WeaponPartRarity3_Uncommoner,,,,,,,,,,,,,,,,,-0.25,,,,-0.25,,,,,,,,,,,t056,,,,,,,,,,,,,,,,,,,,,,,,,,,,3,4,,,,,,,,,,,0.6,4,,,,,,,,,,,,,,,
acc2_Cold,machine_pistol,a044,Accessory,,,,,,WeaponPartCost2_Uncommon,WeaponPartRarity2_Uncommon,,4,0.7,p077,,,,,,,,,1,,,-1,,,,,,2,,,,,,,55,,,,,,,,,,,,,,,,,,,,,,,,,,,,,,,,,,,,,,,,,,,,,-3,1,,,,,,,,,,,,,
acc2_Rage,machine_pistol,a045,Accessory,,,,,,WeaponPartCost2_Uncommon,WeaponPartRarity2_Uncommon,,4,,,,,,,,,,,,,,,,,,,,,,,,,,,55,,,t055,,,,,,,,,,,,,,,,,,,,,,,,,,,,,,,,,,,,,,,,,,,,,,,,,,,,,,,,
barrel5_Vladof_Vengence,machine_pistol,b024,Barrel,,,,Vladof,,WeaponPartCost6_Legendary,WeaponPartRarity2_Uncommon,,1,0.15,,,,,,,,,,,-0.4,-0.75,-0.5,-1.3,,,,,,,,,,,,55,1,,t058,,,,,,,,,,,,,,,,,,,,,,,,,,,,,,,,,,,,,,,,,,,,Shield bypass,,,,,,,,,,,,
body5,machine_pistol,f018,Body,,,,,,WeaponPartCost2_Uncommon,WeaponPartRarity2_Uncommon,,,,,,,,,,,,,,,,,,TMP,,,,,,,,,,,,,,,,,,,,,,,,,,,,,,,,,,,,,,,,,,,,,,,,,,,,,,,,,,,,,,,,,,,,,,
grip2,machine_pistol,g026,Grip,,,,Vladof,,WeaponPartCost1_Common,WeaponPartRarity1_Common,,,,,,,,,,,,,,,,,,,,,,,,,,,,,,,,,,,,,,,,,,,,,,,,,,,,,,,,,,,,,,,,,,,,,,,,,,,,,,,,,,,,,,,,
grip3,machine_pistol,g027,Grip,,,,SandS Munitions,,WeaponPartCost1_Common,WeaponPartRarity1_Common,,,,,,,,,,,,,,,,,,,,,,,,,,,,,,,,,,,,,,,,,,,,,,,,,,,,,,,,,,,,,,,,,,,,,,,,,,,,,,,,,,,,,,,,
grip5,machine_pistol,g028,Grip,,,,Hyperion,,WeaponPartCost1_Common,WeaponPartRarity1_Common,,,,,,,,,,,,,,,,,,,,,,,,,,,,,,,,,,,,,,,,,,,,,,,,,,,,,,,,,,,,,,,,,,,,,,,,,,,,,,,,,,,,,,,,
mag2,machine_pistol,m017,Magazine,,,,,,WeaponPartCost1_Common,WeaponPartRarity1_Common,,,,,,,,,,,,,,,,,,,,,,,,,,,,,2,,,,,,,,,,,,,,,,,,,,,,,,,,,,,,,,,,,,,,,,,,,,,,,,,,,,,,,,,,,
mag3,machine_pistol,m018,Magazine,,,,,,WeaponPartCost1_Common,WeaponPartRarity1_Common,,,,,,,,,,,,,,,,,,,,,,,,,,,,,8,10,,,,,,,,,,,,,,,,,,,,,,,,,,,,,,,,,,,,,,,,,,,,,,,,,,,,,,,,,,
mag3_SandS_Thanatos,machine_pistol,m019,Magazine,,,,SandS Munitions,,WeaponPartCost6_Legendary,WeaponPartRarity4_Rare,,,,,,,,,,,,,,,,-0.2,,,-0.25,,,,,,,,,,88,30,,t057,,,,,,,,,,,,,,,,,,,,,,,,,,,,,,,,,,,,,,,,,,,,,,,,,,,,,,,,
TheClipper_acc5_Incendiary,machine_pistol,u020,Accessory,,,,Vladof,,WeaponPartCost3_Uncommoner,WeaponPartRarity3_Uncommoner,,6,-0.40,,,,,,,,,,,,,,,,,,,,,,,,,,,,,,6,p031,Incendiary,30,4,y003,9,p032,Incendiary,15,4,y003,12,p033,Incendiary,15,5,y003,15,p034,Incendiary,10,5,y003,,,,1,,,,,,,,,,,,,,,,,,,,,,,,,,,,
TheClipper_Material,machine_pistol,u021,Material,,,,Vladof,,WeaponPartCost1_Common,WeaponPartRarity1_Common,,,,p018,,,,,,3,,,,,,,0.5,,-0.3,,,,,,,,,,,,,t059,,,,,,,,,,,,,,,,,,,,,,,,,,,,,,,,,,,,,,,,,,,,,,,,,,,,,,,,
acc1_Relentless,patrol_smg,a046,Accessory,,,,,,WeaponPartCost3_Uncommoner,WeaponPartRarity3_Uncommoner,,,,p081,,,,,,2,,,,,,,,,,,-0.2,,,,,,,,,,,,,,,,,,,,,,,,,,,,,,,,,,,,,,,,,,,,,,,,,,,,,,,,,,,,,,,,,,,
acc2_Ruthless,patrol_smg,a047,Accessory,,,,,,WeaponPartCost3_Uncommoner,WeaponPartRarity3_Uncommoner,,,,p082,,,,,2,,,,,,,-0.45,,,-0.53,,,,,2,,,,,,,,,,,,,,,,,,,,,,,,,,,,,,,,,,,,,,,,,,,,,,,,,,,,,,,,,,,,,,,,
acc2_Vector,patrol_smg,a048,Accessory,,,,,,WeaponPartCost4_Rare,WeaponPartRarity4_Rare,,,,,,,,,,,,,,,,-2,,,-0.53,,-0.45,,,,,,,,,,,,,,,,,,,,,,,,,,,,,,,,,,,,,,,,,,,,,,,,,,,,,,,,,,,,,,,,,,,
acc3_Corrosive,patrol_smg,a049,Accessory,,,,,,WeaponPartCost3_Uncommoner,WeaponPartRarity3_Uncommoner,,6,-0.40,,,,,,,,,,,,,,,,,,,,,,,,,,,,,,6,p023,Corrosive,25,12,y001,9,p024,Corrosive,10,12,y001,12,p025,Corrosive,10,20,y001,15,p026,Corrosive,20,12,y001,,,,,,,,,,,,,,,,,,,,,,,,,,,,,,,,
acc3_Shock,patrol_smg,a050,Accessory,,,,,,WeaponPartCost3_Uncommoner,WeaponPartRarity3_Uncommoner,,6,-0.40,,,,,,,,,,,,,,,,,,,,,,,,,,,,,,6,p035,Shock,25,12,y002,9,p036,Shock,10,14,y002,12,p037,Shock,10,16,y002,15,p038,Shock,20,24,y002,,,,,,,,,,,,,,,,,,,,,,,,,,,,,,,,
acc4_Double,patrol_smg,a051,Accessory,,,,,,WeaponPartCost4_Rare,WeaponPartRarity4_Rare,,,-0.18,p003,,,0.2,,,,,,,,,,0.75,,,,,,,,1,,,,55,,,,,,,,,,,,,,,,,,,,,,,,,,,,,,,,,,,,,,,,,,1,,,,,,,,,,,,,,,,,
acc5_Explosive,patrol_smg,a052,Accessory,,,,,,WeaponPartCost3_Uncommoner,WeaponPartRarity3_Uncommoner,,6,-0.20,,,,,,,,,,,,,,,,,,,,,,,,,,,,,,6,p027,Explosive,25,12,y004,9,p028,Explosive,10,14,y004,12,p029,Explosive,10,16,y004,15,p030,Explosive,20,24,y004,,,,,,,,,,,,,,,,,,,,,,,,,,,,,,,,
acc5_Incendiary,patrol_smg,a053,Accessory,,,,,,WeaponPartCost3_Uncommoner,WeaponPartRarity3_Uncommoner,,6,-0.40,,,,,,,,,,,,,,,,,,,,,,,,,,,,,,6,p031,Incendiary,25,12,y003,9,p032,Incendiary,10,14,y003,12,p033,Incendiary,10,16,y003,15,p034,Incendiary,20,24,y003,,,,,,,,,,,,,,,,,,,,,,,,,,,,,,,,
acc5_Maliwan_HellFire,patrol_smg,a054,Accessory,,,,Maliwan,,WeaponPartCost6_Legendary,WeaponPartRarity3_Uncommoner,,14,,,,,,,,,,,,,,,,,,,,,,,,,,,,,,t067,6,p031,Incendiary,10,12,y007,9,p032,Incendiary,5,14,y007,12,p033,Incendiary,5,16,y007,15,p034,Incendiary,10,24,y007,,,,,,,,,,,,,,,,,,,,,,,,,,,,,,,,
acc_none,patrol_smg,a055,Accessory,,,,,,WeaponPartCost1_Common,WeaponPartRarity1_Common,,,,,,,,,,,,,,,,,,,,,,,,,,,,,,,,,,,,,,,,,,,,,,,,,,,,,,,,,,,,,,,,,,,,,,,,,,,,,,,,,,,,,,,,
barrel1,patrol_smg,b025,Barrel,,,,,,WeaponPartCost1_Common,WeaponPartRarity1_Common,,,-0.04,,,,,,,,,,,,,,,,,,,,,,,,,,,,,,,,,,,,,,,,,,,,,,,,,,,,,,,,,,,,,,,,,,,,,,,,,,,,,,,,,,,,,
barrel2,patrol_smg,b026,Barrel,,,,,,WeaponPartCost1_Common,WeaponPartRarity1_Common,,,0.15,,,,,,,,,,,-0.2,0.2,0.2,0.28,,,,,,,,,,,,,,,,,,,,,,,,,,,,,,,,,,,,,,,,,,,,,,,,,,,,,,,,,,,,,,,,,,,,,,,
barrel2_Torgue_Gasher,patrol_smg,b027,Barrel,,,,Torgue,,WeaponPartCost6_Legendary,WeaponPartRarity3_Uncommoner,,1,0.5,,,,,2,,,,,,-0.2,0.2,0.5,0.5,,,,-0.5,,,,,,,,,4,,t069,,,,,,,,,,,,,,,,,,,,,,,,,,,3,,,,,,,,,,,,,,,,,,3,,,,,,,,,,,
barrel3,patrol_smg,b028,Barrel,,,,,,WeaponPartCost2_Uncommon,WeaponPartRarity2_Uncommon,,1,0.1,,,,,,,,,,,-0.3,-0.3,,-0.5,,,,,,,,,,,,,,,,,,,,,,,,,,,,,,,,,,,,,,,,,,,,,,,,,,,,,,,,,,,,,,,,,,,,,,,
barrel3_Twisted,patrol_smg,b029,Barrel,,,,,,WeaponPartCost4_Rare,WeaponPartRarity2_Uncommon,,4,0.1,,,,,,,,,,,-0.3,-0.3,,-0.5,,,,,,,,,,,,,,,,,,,,,,,,,,,,,,,,,,,,,,,,,,,,,,,,,,,,,,,,,,,,,,,,,,,,,,,
barrel4,patrol_smg,b030,Barrel,,,,,,WeaponPartCost3_Uncommoner,WeaponPartRarity3_Uncommoner,,,0.3,,,,,,,,,,,-0.1,-0.4,0.35,-0.3,,,,,,,,,,,,,,,,,,,,,,,,,,,,,,,,,,,,,,,,,,,,,,,,,,,,,,,,,,,,,,,,,,,,,,,
barrel5,patrol_smg,b031,Barrel,,,,,,WeaponPartCost4_Rare,WeaponPartRarity4_Rare,,,0.15,,,,,,,,,,,-0.4,-1.5,-0.5,-1.3,,,,,,,,,,,,,,,,,,,,,,,,,,,,,,,,,,,,,,,,,,,,,,,,,,,,,,,,,,,,,,,,,,,,,,,
barrel5_Hyperion_Bitch,patrol_smg,b032,Barrel,,,,Hyperion,,WeaponPartCost6_Legendary,WeaponPartRarity3_Uncommoner,,6,0.15,,,,,,,,,,,-0.8,-1,-0.5,-1.3,,,,,,,,,,0.5,2,,,,t066,,,,,,,,,,,,,,,,,,,,,,,,,,,,,,,,,,,,,,,,,,,,,,,,,,,,,,,,
body1,patrol_smg,f019,Body,,,,,,WeaponPartCost1_Common,WeaponPartRarity1_Common,,,-0.08,,,,,,,,,,,,,,,TD,,,,,,,,,,,,,,,,,,,,,,,,,,,,,,,,,,,,,,,,,,,,,,,,,,,,,,,,,,,,,,,,,,,,,,
body2,patrol_smg,f020,Body,,,,,,WeaponPartCost1_Common,WeaponPartRarity2_Uncommon,,,0.1,,,,,,,,,,,,,0.3,,KKA,,,0.2,,,,,,,,,,,,,,,,,,,,,,,,,,,,,,,,,,,,,,,,,,,,,,,,,,,,,,,,,,,,,,,,,,,
body3,patrol_smg,f021,Body,,,,,,WeaponPartCost2_Uncommon,WeaponPartRarity2_Uncommon,,3,-0.15,,,,,,,,,,,,,-0.3,,TEK,,,-0.3,,,,,,,,,,,,,,,,,,,,,,,,,,,,,,,,,,,,,,,,,,,,,,,,,,,,,,,,,,,,,,,,,,,
body3_Tediore_Savior,patrol_smg,f022,Body,,,,Tediore,,WeaponPartCost6_Legendary,WeaponPartRarity3_Uncommoner,,4,0.25,,,,,,,,,,,,,-0.3,,SV,,,-0.3,,,,,,,,,,,t068,,,,,,,,,,,,,,,,,,,,,,,,,,,,,,,,0.3,,,,,,,,,,,,,,,,,,,,,,,,
body4,patrol_smg,f023,Body,,,,,,WeaponPartCost3_Uncommoner,WeaponPartRarity3_Uncommoner,,1,0.2,,,,,,,,,,,,,0.5,,RF,,,0.3,,,,,,,,,,,,,,,,,,,,,,,,,,,,,,,,,,,,,,,,,,,,,,,,,,,,,,,,,,,,,,,,,,,
body5,patrol_smg,f024,Body,,,,,,WeaponPartCost4_Rare,WeaponPartRarity4_Rare,,1,0.2,,,,,,,,,,,,,-0.2,,HX ,,,-0.5,,,,,,,,,,,,,,,,,,,,,,,,,,,,,,,,,,,,,,,,,,,,,,,,,,,,,,,,,,,,,,,,,,,
grip1,patrol_smg,g029,Grip,,,,Tediore,,WeaponPartCost1_Common,WeaponPartRarity1_Common,,,,,,,,,,,,,,,,,,,,,,,,,,,,,,,,,,,,,,,,,,,,,,,,,,,,,,,,,,,,,,,,,,,,,,,,,,,,,,,,,,,,,,,,
grip2,patrol_smg,g030,Grip,,,,Dahl,,WeaponPartCost1_Common,WeaponPartRarity1_Common,,,,,,,,,,,,,,,,,,,,,,,,,,,,,,,,,,,,,,,,,,,,,,,,,,,,,,,,,,,,,,,,,,,,,,,,,,,,,,,,,,,,,,,,
grip3,patrol_smg,g031,Grip,,,,Maliwan,,WeaponPartCost1_Common,WeaponPartRarity1_Common,,,,,,,,,,,,,,,,,,,,,,,,,,,,,,,,,,,,,,,,,,,,,,,,,,,,,,,,,,,,,,,,,,,,,,,,,,,,,,,,,,,,,,,,
grip4,patrol_smg,g032,Grip,,,,Torgue,,WeaponPartCost1_Common,WeaponPartRarity1_Common,,,,,,,,,,,,,,,,,,,,,,,,,,,,,,,,,,,,,,,,,,,,,,,,,,,,,,,,,,,,,,,,,,,,,,,,,,,,,,,,,,,,,,,,
grip4_gearbox,patrol_smg,g033,Grip,,,,Gearbox,,WeaponPartCost0_Cheap,WeaponPartRarity1_Common,,,,,,,,,,,,,,,,,,,,,,,,,,,,,,,,,,,,,,,,,,,,,,,,,,,,,,,,,,,,,,,,,,,,,,,,,,,,,,,,,,,,,,,,
grip5,patrol_smg,g034,Grip,,,,Hyperion,,WeaponPartCost1_Common,WeaponPartRarity1_Common,,,,,,,,,,,,,,,,,,,,,,,,,,,,,,,,,,,,,,,,,,,,,,,,,,,,,,,,,,,,,,,,,,,,,,,,,,,,,,,,,,,,,,,,
mag1_thumper,patrol_smg,m020,Magazine,,,,,,WeaponPartCost4_Rare,WeaponPartRarity4_Rare,,,0.7,,,,,2,,,,,,,,,,,-0.25,,2,,,,,,,,,-10,,t064,,,,,,,,,,,,,,,,,,,,,,,,,,,,,,,,,,,,,,,,,,,,,,,,,,,,,,,,
mag2,patrol_smg,m021,Magazine,,,,,,WeaponPartCost1_Common,WeaponPartRarity1_Common,,,,,,,,,,,,,,,,,,,-0.15,,,,,,,,,,2,,,,,,,,,,,,,,,,,,,,,,,,,,,,,,,,,,,,,,,,,,,,,,,,,,,,,,,,,,,
mag3,patrol_smg,m022,Magazine,,,,,,WeaponPartCost2_Uncommon,WeaponPartRarity2_Uncommon,,2,,,,,,,,,,,,,,,,,-0.2,,,,,,,,,,3,8,,,,,,,,,,,,,,,,,,,,,,,,,,,,,,,,,,,,,,,,,,,,,,,,,,,,,,,,,,
mag4,patrol_smg,m023,Magazine,,,,,,WeaponPartCost4_Rare,WeaponPartRarity4_Rare,,,,,,,,,,,,,,,,,,,0.6,,,,,,,,,,4,27,,,,,,,,,,,,,,,,,,,,,,,,,,,,,,,,,,,,,,,,,,,,,,,,,,,,,,,,,,
mag4_Dahl_Wildcat,patrol_smg,m024,Magazine,,,,Dahl,,WeaponPartCost6_Legendary,WeaponPartRarity3_Uncommoner,,4,,,,,,,,,,,,-0.5,,,2,,0.65,,,,,,,,,,4,42,,t065,,,,,,,,,,,,,,,,,,,,,,,,,,,,,,,,,,,,,,,,,,,,,,1,,,,,,,,,,
mag5,patrol_smg,m025,Magazine,,,,,,WeaponPartCost3_Uncommoner,WeaponPartRarity3_Uncommoner,,1,,,,,,,,,,,,,,,,,0.4,,,,,,,,,,5,18,,,,,,,,,,,,,,,,,,,,,,,,,,,,,,,,,,,,,,,,,,,,,,,,,,,,,,,,,,
sight_none,patrol_smg,z020,Sight,,,,,,WeaponPartCost1_Common,WeaponPartRarity1_Common,,,,,,,,,,,,,,,,,,,,,,,,,,,,,,,,,,,,,,,,,,,,,,,,,,,,,,,,,,,,,,,,,,,,,,,,,,,,,,,,,,,,,,,,
sight1,patrol_smg,z021,Sight,,,,,,WeaponPartCost2_Uncommon,WeaponPartRarity2_Uncommon,,,,,,,,,,,,,,,,,,,,,,,,,,,,,,,,,,,,,,,,,,,,,,,,,,,,,,,,,,,,,,,,,,-0.4,1,,,,,,,,,,,,,,,,,,,,,
sight2,patrol_smg,z022,Sight,,,,,,WeaponPartCost2_Uncommon,WeaponPartRarity2_Uncommon,,,,,,,,,,,,,,,,,,,,,,,,,,,,,,,,,,,,,,,,,,,,,,,,,,,,,,,,,,,,,,,,,,-0.7,2,,,,,,,,,,,,,,,,,,,,,
sight3,patrol_smg,z023,Sight,,,,,,WeaponPartCost3_Uncommoner,WeaponPartRarity3_Uncommoner,,,,,,,,,,,,,,,,,,,,,,,,,,,,,,,,,,,,,,,,,,,,,,,,,,,,,,,,,,,,,,,,,,-1,3,,,,,,,,,,,,,,,,,,,,,
sight4,patrol_smg,z024,Sight,,,,,,WeaponPartCost4_Rare,WeaponPartRarity4_Rare,,,,,,,,,,,,,,,,,,,,,,,,,,,,,,,,,,,,,,,,,,,,,,,,,,,,,,,,,,,,,,,,,,-2,4,,,,,,,,,,,,,,,,,,,,,
sight5,patrol_smg,z025,Sight,,,,,,WeaponPartCost5_VeryRare,WeaponPartRarity5_VeryRare,,,,,,,,,,,,,,,,,,,,,,,,,,,,,,,,,,,,,,,,,,,,,,,,,,,,,,,,,,,,,,,,,,-3,5,,,,,,,,,,,,,,,,,,,,,
stock_none,patrol_smg,s009,Stock,,,,,,WeaponPartCost3_Uncommoner,WeaponPartRarity3_Uncommoner,,,,,,,,,,,,,1,-0.2,-0.5,0.4,,,-0.3,,,,,,,,,,10,,,,,,,,,,,,,,,,,,,,,,,,,,,,,,,,,,,,,,,,,,,,,,,,,,,,,,,,,,,
stock1,patrol_smg,s010,Stock,,,,,,WeaponPartCost1_Common,WeaponPartRarity1_Common,,,,,,,,,,,,,0.2,,,,,,,,,,,,,,,,,,,,,,,,,,,,,,,,,,,,,,,,,,,,,,,,,,,,,,,,,,,,,,,,,,,,,,,,,,,
stock2,patrol_smg,s011,Stock,,,,,,WeaponPartCost2_Uncommon,WeaponPartRarity2_Uncommon,,,,,,,,,,,,,0.2,-0.1,-0.1,-0.4,,,0.3,,,,,,,,,,20,,,,,,,,,,,,,,,,,,,,,,,,,,,,,,,,,,,,,,,,,,,,,,,,,,,,,,,,,,,
stock3,patrol_smg,s012,Stock,,,,,,WeaponPartCost3_Uncommoner,WeaponPartRarity3_Uncommoner,,1,,,,,,,,,,,0.4,-0.2,-0.2,-0.3,,,,,,,,,,,,,30,,,,,,,,,,,,,,,,,,,,,,,,,,,,,,,,,,,,,,,,,,,,,,,,,,,,,,,,,,,
stock4,patrol_smg,s013,Stock,,,,,,WeaponPartCost4_Rare,WeaponPartRarity4_Rare,,,,,,,,,,,,,0.6,-0.3,-0.3,-0.8,,,0.2,,,,,,,,,,40,,,,,,,,,,,,,,,,,,,,,,,,,,,,,,,,,,,,,,,,,,,,,,,,,,,,,,,,,,,
stock5,patrol_smg,s014,Stock,,,,,,WeaponPartCost5_VeryRare,WeaponPartRarity5_VeryRare,,1,,,,,,,,,,,0.8,-0.4,-0.4,-1,,,,,,,,,,,,,50,,,,,,,,,,,,,,,,,,,,,,,,,,,,,,,,,,,,,,,,,,,,,,,,,,,,,,,,,,,
BoneShredder_mag5,patrol_smg,u026,Magazine,,,,Tediore,,WeaponPartCost1_Common,WeaponPartRarity1_Common,,1,,p018,,,,,,,,,,,,,,,0.4,,,,,,,,,,,22,,t070,,,,,,,,,,,,,,,,,,,,,,,,,,,,,,,,,,,,,,,,,,,,,,,,,,,,,,,,
TheSpy_Material,patrol_smg,u027,Material,,,,Hyperion,,WeaponPartCost0_Cheap,WeaponPartRarity1_Common,,,,p008,,,,,3,,,,-0.23,-0.6,0.15,-0.2,0.2,,,,,,,,,,,,,,,,,,,,,,,,,,,,,,,,,,,,,,,,,,,,,,,,,,,,,,,,,,,,,,,,,,,,,,,
TheSpy_sight4,patrol_smg,u028,Sight,,,,Hyperion,,WeaponPartCost0_Cheap,WeaponPartRarity1_Common,,,,,,,,,,,,,,,,,,,,,,,,,,,,4,,,,,,,,,,,,,,,,,,,,,,,,,,,,,,,,,,,0.35,,,-2,,,,,,,,,,,,,,,,,,,,,,
accnone,sniper_rifle,a056,Accessory,,,,,,WeaponPartCost0_Cheap,WeaponPartRarity1_Common,,,,,,,,,,,,,,,,,,,,,,,,,,,,,,,,,,,,,,,,,,,,,,,,,,,,,,,,,,,,,,,,,,,,,,,,,,,,,,,,,,,,,,,,
acc1_Rolling,sniper_rifle,a057,Accessory,,,,,,WeaponPartCost2_Uncommon,WeaponPartRarity2_Uncommon,,,,p088,,,,,,,,,,,,,,,-1,,,,,,,,,,,,,,,,,,,,,,,,,,,,,,,,,,,,,,,,,,,,,,,,,,,,,,,,,,,,,,,,,,,,,
acc2_Explosive,sniper_rifle,a058,Accessory,,,,,,WeaponPartCost3_Uncommoner,WeaponPartRarity3_Uncommoner,,6,-0.4,,,,,,,,,,,,,,,,,,,,,,,,,,,,,,6,p027,Explosive,100,0,y015,9,p028,Explosive,100,32,y016,12,p029,Explosive,100,44,y017,15,p030,Explosive,100,56,y018,,,,,,,,,,,,,,,,,,,,,,,,,,,,,,,,
acc2_Incendiary,sniper_rifle,a059,Accessory,,,,,,WeaponPartCost3_Uncommoner,WeaponPartRarity3_Uncommoner,,6,-0.4,,,,,,,,,,,,,,,,,,,,,,,,,,,,,,,,,,,,9,p032,Incendiary,100,32,y024,12,p033,Incendiary,100,44,y025,15,p034,Incendiary,100,56,y026,,,,,,,,,,,,,,,,,,,,,,,,,,,,,,,,
acc2_Maliwan_Volcano_Incendiary,sniper_rifle,a060,Accessory,,,,Maliwan,,WeaponPartCost6_Legendary,WeaponPartRarity3_Uncommoner,,16,,,,,,,,,,,,,,,,,,,-0.25,,,,,,,,,,,t078,6,,Incendiary,100,0,y024,9,,Incendiary,100,32,y025,12,,Incendiary,50,0,y025,15,,Incendiary,100,56,y026,,,,,,,,,,,,,,,,,,,,,,,,,,,,,,,,
acc3_Corrosive,sniper_rifle,a061,Accessory,,,,,,WeaponPartCost3_Uncommoner,WeaponPartRarity3_Uncommoner,,6,-0.4,,,,,,,,,,,,,,,,,,,,,,,,,,,,,,,,,,,,9,p024,Corrosive,100,32,y020,12,p025,Corrosive,100,44,y021,15,p026,Corrosive,100,56,y022,,,,,,,,,,,,,,,,,,,,,,,,,,,,,,,,
acc3_Shock,sniper_rifle,a062,Accessory,,,,,,WeaponPartCost3_Uncommoner,WeaponPartRarity3_Uncommoner,,6,-0.4,,,,,,,,,,,,,,,,,,,,,,,,,,,,,,,,,,,,9,p036,Shock,100,32,y027,12,p037,Shock,100,44,y028,15,p038,Shock,100,56,y029,,,,,,,,,,,,,,,,,,,,,,,,,,,,,,,,
acc4_Heavy,sniper_rifle,a063,Accessory,,,,,,WeaponPartCost3_Uncommoner,WeaponPartRarity3_Uncommoner,,1,0.18,p089,,,,,,,,,,,,0.18,,,,,,,,,,,,,,,,,,,,,,,,,,,,,,,,,,,,,,,,,,,,,,,,,,,,,,,,,,,,,,,,,,,,,,,,
acc5_Long,sniper_rifle,a064,Accessory,,,,,,WeaponPartCost3_Uncommoner,WeaponPartRarity3_Uncommoner,,2,,p090,,,,,,,,,,,,,-0.25,,,,,,,,,,,,,,,,,,,,,,,,,,,,,,,,,,,,,,,,,,,,,,,,,,,,,,,,,,,,,,,,,,,,,,,
barrel1,sniper_rifle,b033,Barrel,,,,,,WeaponPartCost1_Common,WeaponPartRarity1_Common,,,-0.04,,,,,,,,,,,,,,,,,,,,,,,,,,,,,,,,,,,,,,,,,,,,,,,,,,,,,,,,,,,,,,,,,,,,,,,,,,,,,,,,,,,,,
barrel2,sniper_rifle,b034,Barrel,,,,,,WeaponPartCost1_Common,WeaponPartRarity1_Common,,1,0.15,,,,,,,,,,,-0.2,0.2,0.2,0.28,,,,,,,,,,,,,,,,,,,,,,,,,,,,,,,,,,,,,,,,,,,,,,,,,,,,,,,,,,,,,,,,,,,,,,,
barrel2_Vladof_Surkov,sniper_rifle,b035,Barrel,,,,Vladof,,WeaponPartCost6_Legendary,WeaponPartRarity2_Uncommon,,1,0.25,,,,,,,2,,,0.4,,0.2,0.1,0.2,,-0.75,,-0.75,,,,,,,,,,,t079,,,,,,,,,,,,,,,,,,,,,,,,,,,,,,,,,,,,,,,,,,,,,,,,,,,,,,,,
barrel3,sniper_rifle,b036,Barrel,,,,,,WeaponPartCost2_Uncommon,WeaponPartRarity2_Uncommon,,,0.1,,,,,,,,,,,-0.3,-0.3,,-0.5,,,,,,,,,,,,,,,,,,,,,,,,,,,,,,,,,,,,,,,,,,,,,,,,,,,,,,,,,,,,,,,,,,,,,,,
barrel4,sniper_rifle,b037,Barrel,,,,,,WeaponPartCost3_Uncommoner,WeaponPartRarity3_Uncommoner,,2,0.3,,,,,,,,,,,-0.1,-0.4,0.35,-0.3,,,,,,,,,,,,,,,,,,,,,,,,,,,,,,,,,,,,,,,,,,,,,,,,,,,,,,,,,,,,,,,,,,,,,,,
barrel4_Jakobs_Skullmasher,sniper_rifle,b038,Barrel,,,,Jakobs,,WeaponPartCost6_Legendary,WeaponPartRarity3_Uncommoner,,,-2,,,,,,,,,,,,0.5,1,1,,,,,,,,5,,,,,,,t077,,,,,,,,,,,,,,,,,,,,,,,,,,,,,,,,,,,,,,,,,,,,,,,,,,,,,,,,
barrel5,sniper_rifle,b039,Barrel,,,,,,WeaponPartCost4_Rare,WeaponPartRarity4_Rare,,,0.15,,,,,,,,,,,-0.4,-1.5,-0.5,-1.3,,,,,,,,,,,,,,,,,,,,,,,,,,,,,,,,,,,,,,,,,,,,,,,,,,,,,,,,,,,,,,,,,,,,,,,
body1,sniper_rifle,f025,Body,,,,,,WeaponPartCost1_Common,WeaponPartRarity1_Common,,,-0.08,,,,,,,,,,,,,,,GGN,,,,,,,,,,,,,,,,,,,,,,,,,,,,,,,,,,,,,,,,,,,,,,,,,,,,,,,,,,,,,,,,,,,,,,
body3,sniper_rifle,f026,Body,,,,,,WeaponPartCost2_Uncommon,WeaponPartRarity2_Uncommon,,3,-0.15,,,,,,,,,,,,,-0.3,,VRR,,,-0.3,,,,,,,,,,,,,,,,,,,,,,,,,,,,,,,,,,,,,,,,,,,,,,,,,,,,,,,,,,,,,,,,,,,
body4,sniper_rifle,f027,Body,,,,,,WeaponPartCost3_Uncommoner,WeaponPartRarity3_Uncommoner,,1,0.2,,,,,,,,,,,,,0.5,,DVL,,,0.3,,,,,,,,,,,,,,,,,,,,,,,,,,,,,,,,,,,,,,,,,,,,,,,,,,,,,,,,,,,,,,,,,,,
grip1,sniper_rifle,g035,Grip,,,,Dahl,,WeaponPartCost1_Common,WeaponPartRarity1_Common,,,,,,,,,,,,,,,,,,,,,,,,,,,,,,,,,,,,,,,,,,,,,,,,,,,,,,,,,,,,,,,,,,,,,,,,,,,,,,,,,,,,,,,,
grip1a,sniper_rifle,g036,Grip,,,,Vladof,,WeaponPartCost1_Common,WeaponPartRarity1_Common,,,,,,,,,,,,,,,,,,,,,,,,,,,,,,,,,,,,,,,,,,,,,,,,,,,,,,,,,,,,,,,,,,,,,,,,,,,,,,,,,,,,,,,,
grip2,sniper_rifle,g037,Grip,,,,SandS Munitions,,WeaponPartCost1_Common,WeaponPartRarity1_Common,,,,,,,,,,,,,,,,,,,,,,,,,,,,,,,,,,,,,,,,,,,,,,,,,,,,,,,,,,,,,,,,,,,,,,,,,,,,,,,,,,,,,,,,
grip2a_Torgue,sniper_rifle,g038,Grip,,,,Torgue,,WeaponPartCost1_Common,WeaponPartRarity1_Common,,,,,,,,,,,,,,,,,,,,,,,,,,,,,,,,,,,,,,,,,,,,,,,,,,,,,,,,,,,,,,,,,,,,,,,,,,,,,,,,,,,,,,,,
grip3,sniper_rifle,g039,Grip,,,,Maliwan,,WeaponPartCost1_Common,WeaponPartRarity1_Common,,,,,,,,,,,,,,,,,,,,,,,,,,,,,,,,,,,,,,,,,,,,,,,,,,,,,,,,,,,,,,,,,,,,,,,,,,,,,,,,,,,,,,,,
grip3_Gearbox,sniper_rifle,g040,Grip,,,,Gearbox,,WeaponPartCost0_Cheap,WeaponPartRarity1_Common,,,,,,,,,,,,,,,,,,,,,,,,,,,,,,,,,,,,,,,,,,,,,,,,,,,,,,,,,,,,,,,,,,,,,,,,,,,,,,,,,,,,,,,,
grip4,sniper_rifle,g041,Grip,,,,Jakobs,,WeaponPartCost1_Common,WeaponPartRarity1_Common,,,,,,,,,,,,,,,,,,,,,,,,,,,,,,,,,,,,,,,,,,,,,,,,,,,,,,,,,,,,,,,,,,,,,,,,,,,,,,,,,,,,,,,,
grip5,sniper_rifle,g055,Grip,,,,Atlas,,WeaponPartCost1_Common,WeaponPartRarity1_Common,,,,,,,,,,,,,,,,,,,,,,,,,,,,,,,,,,,,,,,,,,,,,,,,,,,,,,,,,,,,,,,,,,,,,,,,,,,,,,,,,,,,,,,,
mag1,sniper_rifle,m026,Magazine,,,,,,WeaponPartCost1_Common,WeaponPartRarity1_Common,,,,,,,,,,,,,,,,,,,,,,,,,,,,,,,,,,,,,,,,,,,,,,,,,,,,,,,,,,,,,,,,,,,,,,,,,,,,,,,,,,,,,,,,
mag3,sniper_rifle,m027,Magazine,,,,,,WeaponPartCost2_Uncommon,WeaponPartRarity2_Uncommon,,3,0.21,,,,,,,,,,,,,,,,-0.15,,,,,,,,,,9,-3,,,,,,,,,,,,,,,,,,,,,,,,,,,,,,,,,,,,,,,,,,,,,,,,,,,,,,,,,,
mag4,sniper_rifle,m028,Magazine,,,,,,WeaponPartCost4_Rare,WeaponPartRarity4_Rare,,,,,,,,,,,,,,,,,,,-0.4,,-0.21,,,,,,,,5,,,,,,,,,,,,,,,,,,,,,,,,,,,,,,,,,,,,,,,,,,,,,,,,,,,,,,,,,,,
sight1,sniper_rifle,z026,Sight,,,,,,WeaponPartCost1_Common,WeaponPartRarity1_Common,,,,,,,,,,,,,,,,,,,,,,,,,,,,,,,,,,,,,,,,,,,,,,,,,,,,,,,,,,,,,,,,,,-0.4,1,,,,,,,,,,,,,,,,,,,,,
sight2,sniper_rifle,z027,Sight,,,,,,WeaponPartCost2_Uncommon,WeaponPartRarity2_Uncommon,,,,,,,,,,,,,,,,,,,,,,,,,,,,,,,,,,,,,,,,,,,,,,,,,,,,,,,,,,,,,,,,,,-0.7,2,,,,,,,,,,,,,,,,,,,,,
sight3,sniper_rifle,z028,Sight,,,,,,WeaponPartCost3_Uncommoner,WeaponPartRarity3_Uncommoner,,1,,,,,,,,,,,,,,,,,,,,,,,,,,,,,,,,,,,,,,,,,,,,,,,,,,,,,,,,,,,,,,,,-1,3,,,,,,,,,,,,,,,,,,,,,
sight4,sniper_rifle,z029,Sight,,,,,,WeaponPartCost4_Rare,WeaponPartRarity4_Rare,,,,,,,,,,,,,,,,,,,,,,,,,,,,,,,,,,,,,,,,,,,,,,,,,,,,,,,,,,,,,,,,,,-2,4,,,,,,,,,,,,,,,,,,,,,
sight5,sniper_rifle,z030,Sight,,,,,,WeaponPartCost5_VeryRare,WeaponPartRarity5_VeryRare,,,,,,,,,,,,,,,,,,,,,,,,,,,,,,,,,,,,,,,,,,,,,,,,,,,,,,,,,,,,,,,,,,-3,5,,,,,,,,,,,,,,,,,,,,,
sight5_Atlas_Cyclops,sniper_rifle,z031,Sight,,,,Atlas,,WeaponPartCost6_Legendary,WeaponPartRarity4_Rare,,3,,,,,,,,,,,,,-1,,,,,,,,,,,,,,,,,t076,,,,,,,,,,,,,,,,,,,,,,,,,,,,,,,,,,-8,6,,,,,,,1,1.5,,,,,,,,,,,,,
sight_none,sniper_rifle,z032,Sight,,,,,,WeaponPartCost1_Common,WeaponPartRarity1_Common,,,,,,,,,,,,,,,,,,,,,,,,,,,,,,,,,,,,,,,,,,,,,,,,,,,,,,,,,,,,,,,,,,,,,,,,,,,,,,,,,,,,,,,,
stock1,sniper_rifle,s015,Stock,,,,,,WeaponPartCost1_Common,WeaponPartRarity1_Common,,,,,,,,,,,,,,,,,,,,,,,,,,,,,,,,,,,,,,,,,,,,,,,,,,,,,,,,,,,,,,,,,,,,,,,,,,,,,,,,,,,,,,,,
stock2,sniper_rifle,s016,Stock,,,,,,WeaponPartCost2_Uncommon,WeaponPartRarity2_Uncommon,,,,,,,,,,,,,0.2,-0.1,-0.1,-0.4,,,0.3,,,,,,,,,,20,,,,,,,,,,,,,,,,,,,,,,,,,,,,,,,,,,,,,,,,,,,,,,,,,,,,,,,,,,,
stock3,sniper_rifle,s017,Stock,,,,,,WeaponPartCost2_Uncommon,WeaponPartRarity2_Uncommon,,1,,,,,,,,,,,0.4,-0.2,-0.2,-0.3,,,,,,,,,,,,,30,,,,,,,,,,,,,,,,,,,,,,,,,,,,,,,,,,,,,,,,,,,,,,,,,,,,,,,,,,,
stock4,sniper_rifle,s018,Stock,,,,,,WeaponPartCost3_Uncommoner,WeaponPartRarity3_Uncommoner,,,,,,,,,,,,,0.6,-0.3,-0.3,-0.8,,,0.2,,,,,,,,,,40,,,,,,,,,,,,,,,,,,,,,,,,,,,,,,,,,,,,,,,,,,,,,,,,,,,,,,,,,,,
stock5,sniper_rifle,s019,Stock,,,,,,WeaponPartCost4_Rare,WeaponPartRarity4_Rare,,,,,,,,,,,,,0.8,-0.4,-0.4,-1,,,,,,,,,,,,,50,,,,,,,,,,,,,,,,,,,,,,,,,,,,,,,,,,,,,,,,,,,,,,,,,,,,,,,,,,,
Nailer_barrel3,sniper_rifle,u022,Barrel,,,,Dahl,,WeaponPartCost0_Cheap,WeaponPartRarity1_Common,,,0.25,p018,,,,,,,,,,-0.3,-0.3,,-0.5,,,,,,,,,,,,,,,t080,,,,,,,,,,,,,,,,,,,,,,,,,,,,,,,,,,,,,,,,,,,,,,,,,,,,,,,,
Nailer_Material,sniper_rifle,u023,Material,,,,Dahl,,WeaponPartCost0_Cheap,WeaponPartRarity1_Common,,,,,,,,,3,,,,-0.23,-0.6,0.15,-0.2,0.2,,,,,,,,,,,,,,,,,,,,,,,,,,,,,,,,,,,,,,,,,,,,,,,,,,,,,,,,,,,,,,,,,,,,,,,
ShepsElephantGun_Material,sniper_rifle,u024,Material,,,,Jakobs,,WeaponPartCost3_Uncommoner,WeaponPartRarity3_Uncommoner,,,0.2,,,,,,,,,1,,,,0.28,-0.5,,,,0.5,,,,,,,,,,,,,,,,,,,,,,,,,,,,,,,,,,,,,,,,,,,,,-0.15,,,,,,,,,,,,,,,,,,,,,,
ShepsElephantGun_sight_none,sniper_rifle,u025,Sight,,,,Jakobs,,WeaponPartCost1_Common,WeaponPartRarity1_Common,,,1,p018,,,,,,,,,,,,,,,,,-0.35,4,,,,,,,,,,t081,,,,,,,,,,,,,,,,,,,,,,,,,,,,,,,,,,0.5,,,,,,,,,,,,,,,,,,,,,,
acc1_Brisk,sniper_rifle_semiauto,a065,Accessory,,,,,,WeaponPartCost3_Uncommoner,WeaponPartRarity3_Uncommoner,,,,p096,,,,,,,,,,,,,,,-0.5,,-0.5,,,,,,,,90,,,,,,,,,,,,,,,,,,,,,,,,,,,,,,,,,,,,,,,,,,,,,,,,,,,,,,,,,,,
acc2_Explosive_Torgue_Cobra,sniper_rifle_semiauto,a066,Accessory,,,,Torgue,,WeaponPartCost6_Legendary,WeaponPartRarity3_Uncommoner,,12,,,,,,,,,,,,,,,,,,,1,,,,,,,,,,,t088,6,p027,Explosive,100,0,y016,9,p028,Explosive,100,36,y017,12,p029,Explosive,100,44,y018,15,p030,Explosive,20,20,y018,,,,,,,,,,,,,,,,,,,,,,,,,,,,,,,,
acc3_SandS_Orion_Shock,sniper_rifle_semiauto,a067,Accessory,,,,SandS Munitions,,WeaponPartCost6_Legendary,WeaponPartRarity3_Uncommoner,,10,,,,,,,,,,,,,,,,,,,,,,,,,,,808,4,,t087,6,,Shock,100,0,y036,9,,Shock,100,20,y037,12,,Shock,50,10,y037,15,,Shock,100,56,y038,,,,,,,,,,,,,,,,,,,,,,,,,,,,,,,,
acc4_Deep,sniper_rifle_semiauto,a068,Accessory,,,,,,WeaponPartCost3_Uncommoner,WeaponPartRarity3_Uncommoner,,,0.3,p097,,,,,,,,,,,,,,,,,,,,,,,,,,,,,,,,,,,,,,,,,,,,,,,,,,,,,,,,,,,,,,,,,,,,,,,,,,,,,,,,,,,,
acc5_Sober,sniper_rifle_semiauto,a069,Accessory,,,,,,WeaponPartCost3_Uncommoner,WeaponPartRarity3_Uncommoner,,2,,p098,,,,,,,,,0.5,-0.4,-0.4,,-0.3,,,,,,,,,,,,,,,,,,,,,,,,,,,,,,,,,,,,,,,,,,,,,,,,,,,,,,,,,,,,,,,,,,,,,,,
barrel1_Dahl_Penetrator,sniper_rifle_semiauto,b040,Barrel,,,,Dahl,,WeaponPartCost6_Legendary,WeaponPartRarity3_Uncommoner,,2,,,,,,,,,,,,,,-1.5,,,,,-1.5,,,,,,,,69,3,,t085,,,,,,,,,,,,,,,,,,,,,,,,,-1,,,,,,,,,,,,,,,,,,,,,,,,,,,,,,,
body2,sniper_rifle_semiauto,f028,Body,,,,,,WeaponPartCost1_Common,WeaponPartRarity2_Uncommon,,1,0.1,,,,,,,,,,,,,0.3,,LB,,,0.2,,,,,,,,,,,,,,,,,,,,,,,,,,,,,,,,,,,,,,,,,,,,,,,,,,,,,,,,,,,,,,,,,,,
body5,sniper_rifle_semiauto,f029,Body,,,,,,WeaponPartCost4_Rare,WeaponPartRarity4_Rare,,1,0.2,,,,,,,,,,,,,-0.2,,PPZ,,,-0.5,,,,,,,,,,,,,,,,,,,,,,,,,,,,,,,,,,,,,,,,,,,,,,,,,,,,,,,,,,,,,,,,,,,
mag2,sniper_rifle_semiauto,m029,Magazine,,,,,,WeaponPartCost1_Common,WeaponPartRarity1_Common,,,,,,,,,,,,,,,,,,,,,,,,,,,,,,,,,,,,,,,,,,,,,,,,,,,,,,,,,,,,,,,,,,,,,,,,,,,,,,,,,,,,,,,,
mag5,sniper_rifle_semiauto,m030,Magazine,,,,,,WeaponPartCost3_Uncommoner,WeaponPartRarity3_Uncommoner,,,,,,,,,,,,,,,,,,,-0.5,,-0.21,,,,,,,,7,2,,,,,,,,,,,,,,,,,,,,,,,,,,,,,,,,,,,,,,,,,,,,,,,,,,,,,,,,,,
mag5_Hyperion_Executioner,sniper_rifle_semiauto,m031,Magazine,3,Burst Fire while zoomed.,FFFFFF,Hyperion,,WeaponPartCost6_Legendary,WeaponPartRarity3_Uncommoner,,1,-1,,,,,,,,,,,,,,,,-0.5,,-5,,,,,,,,77,10,,t086,,,,,,,,,,,,,,,,,,,,,,,,,4,,3,,,,,,,,,,,,,,,,,,,,,,,,,,,,,
ReaversEdge_Material,sniper_rifle_semiauto,u029,Material,,,,Dahl,,WeaponPartCost4_Rare,WeaponPartRarity4_Rare,,,,p042,,,,,3,,,2,-0.2,-0.6,,-0.2,0.15,,,,,,,,,,,,,,,,,,,,,,,,,,,,,,,,,,,,,,,,,,,,,,,,,,,,,,,,,,,,,,,,,,,,,,,
ReaversEdge_sight4,sniper_rifle_semiauto,u030,Sight,,,,Dahl,,WeaponPartCost1_Common,WeaponPartRarity1_Common,,4,,p018,,,,,,,,,,,,,,,,,,,,,,,,,,2,,t089,,,,,,,,,,,,,,,,,,,,,,,,,,,,,,,,,,-4,,,,,,,,,,,,,,,,,,,,,,
Ryder_mag5,sniper_rifle_semiauto,u031,Magazine,,,,Gearbox,,WeaponPartCost4_Rare,WeaponPartRarity4_Rare,,,-2,p018,,,,,,,,,,-0.5,,-4,,,-0.5,,-1,,,,,,,,,15,,t090,,,,,,,,,,,,,,,,,,,,,,,,,,,,,,,,,,,,,,,,,,,,,,,-3,,,,,,,,,
Ryder_Material,sniper_rifle_semiauto,u032,Material,,,,Gearbox,,WeaponPartCost0_Cheap,WeaponPartRarity1_Common,,,,,,,,,,,,,,,,,,,,,,,,,,,,,,,,,,,,,,,,,,,,,,,,,,,,,,,,,,,,,,,,,,,,,,,,,,,,,,,,,,,,,,,,
acc_none,combat_rifle,a070,Accessory,,,,,,WeaponPartCost1_Common,WeaponPartRarity1_Common,,,,,,,,,,,,,,,,,,,,,,,,,,,,,,,,,,,,,,,,,,,,,,,,,,,,,,,,,,,,,,,,,,,,,,,,,,,,,,,,,,,,,,,,
acc2_Intense,combat_rifle,a071,Accessory,,,,,,WeaponPartCost3_Uncommoner,WeaponPartRarity3_Uncommoner,,2,,p100,,,,,,,,,,-0.4,-0.4,,-0.15,,,,,,,,,,,3,2222,,,,,,,,,,,,,,,,,,,,,,,,,,,,,,,,,,0.5,,,,,,,,,,,,,,,,,,,,,,,,,
acc3_Corrosive,combat_rifle,a072,Accessory,,,,,,WeaponPartCost3_Uncommoner,WeaponPartRarity3_Uncommoner,,6,-0.4,,,,,,,,,,,,,,,,,,,,,,,,,,88,,,,6,p023,Corrosive,70,20,y001,9,p024,Corrosive,20,16,y001,12,p025,Corrosive,20,12,y001,15,p026,Corrosive,40,30,y006,,,,,,,,,,,,,,,,,,,,,,,,,,,,,,,,
acc3_Shock,combat_rifle,a073,Accessory,,,,,,WeaponPartCost3_Uncommoner,WeaponPartRarity3_Uncommoner,,6,-0.4,,,,,,,,,,,,,,,,,,,,,,,,,,88,,,,6,p035,Shock,70,20,y002,9,p036,Shock,20,16,y002,12,p037,Shock,20,12,y002,15,p038,Shock,40,30,y008,,,,,,,,,,,,,,,,,,,,,,,,,,,,,,,,
acc4_Deathly,combat_rifle,a074,Accessory,,,,,,WeaponPartCost3_Uncommoner,WeaponPartRarity3_Uncommoner,,,0.2,p101,,,,,,,,,-0.25,,,-0.25,,,,,,,,,,,,,4444,,,,,,,,,,,,,,,,,,,,,,,,,,,,,,,,,,,,,,,,,,,,,,,,,,,,,,,,,,,
acc5_Explosive,combat_rifle,a075,Accessory,,,,,,WeaponPartCost3_Uncommoner,WeaponPartRarity3_Uncommoner,,6,-0.4,,,,,,,,,,,,,,,,,,,,,,,,,,88,,,,6,p027,Explosive,70,20,y004,9,p028,Explosive,20,16,y004,12,p029,Explosive,20,12,y005,15,p030,Explosive,40,30,y005,,,,,,,,,,,,,,,,,,,,,,,,,,,,,,,,
acc5_Incendiary,combat_rifle,a076,Accessory,,,,,,WeaponPartCost3_Uncommoner,WeaponPartRarity3_Uncommoner,,6,-0.4,,,,,,,,,,,,,,,,,,,,,,,,,,88,,,,6,p031,Incendiary,70,20,y003,9,p032,Incendiary,20,16,y003,12,p033,Incendiary,20,12,y003,15,p034,Incendiary,40,30,y007,,,,,,,,,,,,,,,,,,,,,,,,,,,,,,,,
barrel1,combat_rifle,b041,Barrel,,,,,,WeaponPartCost1_Common,WeaponPartRarity1_Common,,,-0.04,,,,,,,,,,,,,,,,,,,,,,,,,,,,,,,,,,,,,,,,,,,,,,,,,,,,,,,,,,,,,,,,,,,,,,,,,,,,,,,,,,,,,
barrel1_starter,combat_rifle,b042,Barrel,,,,,,WeaponPartCost1_Common,WeaponPartRarity1_Common,,,-0.04,,,,,,,,,,,,-0.15,,-0.2,,,,,,,,,,,,,,,,,,,,,,,,,,,,,,,,,,,,,,,,,,,,,,,,,,,,,,,,,,,,,,,,,,,,,,,
barrel2,combat_rifle,b043,Barrel,,,,,,WeaponPartCost1_Common,WeaponPartRarity1_Common,,,0.15,,,,,,,,,,,-0.2,0.2,0.2,0.28,,,,,,,,,,,,,,,,,,,,,,,,,,,,,,,,,,,,,,,,,,,,,,,,,,,,,,,,,,,,,,,,,,,,,,,
barrel3,combat_rifle,b044,Barrel,,,,,,WeaponPartCost2_Uncommon,WeaponPartRarity2_Uncommon,,1,0.1,,,,,,,,,,,-0.3,-0.3,,-0.5,,,,,,,,,,,,,,,,,,,,,,,,,,,,,,,,,,,,,,,,,,,,,,,,,,,,,,,,,,,,,,,,,,,,,,,
barrel4,combat_rifle,b045,Barrel,,,,,,WeaponPartCost3_Uncommoner,WeaponPartRarity3_Uncommoner,,,0.3,,,,,,,,,,,-0.1,-0.4,0.35,-0.3,,,,,,,,,,,,,,,,,,,,,,,,,,,,,,,,,,,,,,,,,,,,,,,,,,,,,,,,,,,,,,,,,,,,,,,
barrel5,combat_rifle,b046,Barrel,,,,,,WeaponPartCost4_Rare,WeaponPartRarity4_Rare,,,0.15,,,,,,,,,,,-0.4,-1.5,-0.5,-1.3,,,,,,,,,,,,,,,,,,,,,,,,,,,,,,,,,,,,,,,,,,,,,,,,,,,,,,,,,,,,,,,,,,,,,,,
barrel5_Hyperion_Destroyer,combat_rifle,b047,Barrel,,,,Hyperion,,WeaponPartCost6_Legendary,WeaponPartRarity3_Uncommoner,,5,0.18,,,,,,,,,,,-0.4,-0.75,-0.5,-1.3,,,,,,,,,,,,,,,t096,,,,,,,,,,,,,,,,,,,,,,,,,100,,,,,,,,,-0.5,,,,,,,,,,,,,,,,,,,,,,
body1,combat_rifle,f030,Body,,,,,,WeaponPartCost1_Common,WeaponPartRarity1_Common,,,-0.08,,,,,,,,,,,,,,,CR,,,,,,,,,,,,,,,,,,,,,,,,,,,,,,,,,,,,,,,,,,,,,,,,,,,,,,,,,,,,,,,,,,,,,,
body2,combat_rifle,f031,Body,,,,,,WeaponPartCost1_Common,WeaponPartRarity2_Uncommon,,,0.1,,,,,,,,,,,,,0.3,,HVY,,,0.2,,,,,,,,,,,,,,,,,,,,,,,,,,,,,,,,,,,,,,,,,,,,,,,,,,,,,,,,,,,,,,,,,,,
body3,combat_rifle,f032,Body,,,,,,WeaponPartCost2_Uncommon,WeaponPartRarity2_Uncommon,,2,-0.15,,,,,,,,,,,,,-0.3,,TCH,,,-0.3,,,,,,,,,,,,,,,,,,,,,,,,,,,,,,,,,,,,,,,,,,,,,,,,,,,,,,,,,,,,,,,,,,,
body4,combat_rifle,f033,Body,,,,,,WeaponPartCost3_Uncommoner,WeaponPartRarity3_Uncommoner,,,0.2,,,,,,,,,,,,,0.5,,HLK,,,0.3,,,,,,,,,,,,,,,,,,,,,,,,,,,,,,,,,,,,,,,,,,,,,,,,,,,,,,,,,,,,,,,,,,,
body4_Tediore_Guardian,combat_rifle,f034,Body,,,,Tediore,,WeaponPartCost6_Legendary,WeaponPartRarity3_Uncommoner,,3,0.25,,,,,,,,,,,,,0.5,,GRD,,,0.3,,,,,,,,,,,t097,,,,,,,,,,,,,,,,,,,,,,,,,,,,,,,,0.3,3,,,,,,,,,,,,,,,,,,,,,,,
body5,combat_rifle,f035,Body,,,,,,WeaponPartCost4_Rare,WeaponPartRarity4_Rare,,1,0.2,,,,,,,,,,,,,-0.2,,AR,,,-0.5,,,,,,,,,,,,,,,,,,,,,,,,,,,,,,,,,,,,,,,,,,,,,,,,,,,,,,,,,,,,,,,,,,,
grip1,combat_rifle,g043,Grip,,,,Tediore,,WeaponPartCost1_Common,WeaponPartRarity1_Common,,,,,,,,,,,,,,,,,,,,,,,,,,,,,,,,,,,,,,,,,,,,,,,,,,,,,,,,,,,,,,,,,,,,,,,,,,,,,,,,,,,,,,,,
grip2,combat_rifle,g044,Grip,,,,Vladof,,WeaponPartCost1_Common,WeaponPartRarity1_Common,,,,,,,,,,,,,,,,,,,,,,,,,,,,,,,,,,,,,,,,,,,,,,,,,,,,,,,,,,,,,,,,,,,,,,,,,,,,,,,,,,,,,,,,
grip3,combat_rifle,g057,Grip,,,,Hyperion,,WeaponPartCost1_Common,WeaponPartRarity1_Common,,,,,,,,,,,,,,,,,,,,,,,,,,,,,,,,,,,,,,,,,,,,,,,,,,,,,,,,,,,,,,,,,,,,,,,,,,,,,,,,,,,,,,,,
grip4,combat_rifle,g056,Grip,,,,Dahl,,WeaponPartCost1_Common,WeaponPartRarity1_Common,,,,,,,,,,,,,,,,,,,,,,,,,,,,,,,,,,,,,,,,,,,,,,,,,,,,,,,,,,,,,,,,,,,,,,,,,,,,,,,,,,,,,,,,
grip5,combat_rifle,g047,Grip,,,,Atlas,,WeaponPartCost1_Common,WeaponPartRarity1_Common,,,,,,,,,,,,,,,,,,,,,,,,,,,,,,,,,,,,,,,,,,,,,,,,,,,,,,,,,,,,,,,,,,,,,,,,,,,,,,,,,,,,,,,,
grip5_Gearbox,combat_rifle,g048,Grip,,,,Gearbox,,WeaponPartCost0_Cheap,WeaponPartRarity1_Common,,,,,,,,,,,,,,,,,,,,,,,,,,,,,,,,,,,,,,,,,,,,,,,,,,,,,,,,,,,,,,,,,,,,,,,,,,,,,,,,,,,,,,,,
mag1,combat_rifle,m032,Magazine,,,,,,WeaponPartCost1_Common,WeaponPartRarity1_Common,,,,,,,,,,,,,,,,,,,,,,,,,,,,,,,,,,,,,,,,,,,,,,,,,,,,,,,,,,,,,,,,,,,,,,,,,,,,,,,,,,,,,,,,
mag1a_pounder,combat_rifle,m033,Magazine,,,,,,WeaponPartCost4_Rare,WeaponPartRarity4_Rare,,,0.52,,,,,,,,,,,,,,,,-0.4,,2,,,,,,,,,-6,,t094,,,,,,,,,,,,,,,,,,,,,,,,,-2,,,,,,,,,,,,,,,,,,,,,,,,,,,,,,,
mag3,combat_rifle,m034,Magazine,,,,,,WeaponPartCost3_Uncommoner,WeaponPartRarity3_Uncommoner,,,,,,,,,,,,,,,,,,,0.3,,,,,,,,,,2,6,,,,,,,,,,,,,,,,,,,,,,,,,,,,,,,,,,,,,,,,,,,,,,,,,,,,,,,,,,
mag3_Dahl_Raven,combat_rifle,m035,Magazine,,,,Dahl,,WeaponPartCost6_Legendary,WeaponPartRarity3_Uncommoner,,3,,,,,,,,,,,,-0.1,-0.4,,,,0.3,,,,,,,,,,28,9,,t095,,,,,,,,,,,,,,,,,,,,,,,,,9,,,,,,,,,,,,,,,,,,,,,,,,,,,,,,,
sight1,combat_rifle,z033,Sight,,,,,,WeaponPartCost1_Common,WeaponPartRarity1_Common,,,,,,,,,,,,,,,,,,,,,,,,,,,,,,,,,,,,,,,,,,,,,,,,,,,,,,,,,,,,,,,,,,-0.4,1,,,,,,,,,,,,,,,,,,,,,
sight2,combat_rifle,z034,Sight,,,,,,WeaponPartCost2_Uncommon,WeaponPartRarity2_Uncommon,,,,p016,,,,,,,,,,,,,,,,,,,,,,,,,,,,,,,,,,,,,,,,,,,,,,,,,,,,,,,,,,,,,,-0.7,2,,,,,,,,,,,,,,,,,,,,,
sight3,combat_rifle,z035,Sight,,,,,,WeaponPartCost3_Uncommoner,WeaponPartRarity3_Uncommoner,,1,,p017,,,,,,,,,,,,,,,,,,,,,,,,,,,,,,,,,,,,,,,,,,,,,,,,,,,,,,,,,,,,,,-1,3,,,,,,,,,,,,,,,,,,,,,
sight4,combat_rifle,z036,Sight,,,,,,WeaponPartCost4_Rare,WeaponPartRarity4_Rare,,,,p017,,,,,,,,,,,,,,,,,,,,,,,,,,,,,,,,,,,,,,,,,,,,,,,,,,,,,,,,,,,,,,-2,4,,,,,,,,,,,,,,,,,,,,,
sight5,combat_rifle,z037,Sight,,,,,,WeaponPartCost5_VeryRare,WeaponPartRarity5_VeryRare,,,,p017,,,,,,,,,,,,,,,,,,,,,,,,,,,,,,,,,,,,,,,,,,,,,,,,,,,,,,,,,,,,,,-3,5,,,,,,,,,,,,,,,,,,,,,
stock_none,combat_rifle,s020,Stock,,,,,,WeaponPartCost0_Cheap,WeaponPartRarity1_Common,,,,,,,,,,,,,1,0.5,-0.2,0.4,,,-0.3,,,,,,,,,,10,,,,,,,,,,,,,,,,,,,,,,,,,,,,,,,,,,,,,,,,,,,,,,,,,,,,,,,,,,,
stock1,combat_rifle,s021,Stock,,,,,,WeaponPartCost1_Common,WeaponPartRarity1_Common,,,,,,,,,,,,,0.2,,,,,,,,,,,,,,,,,,,,,,,,,,,,,,,,,,,,,,,,,,,,,,,,,,,,,,,,,,,,,,,,,,,,,,,,,,,
stock2,combat_rifle,s022,Stock,,,,,,WeaponPartCost1_Common,WeaponPartRarity1_Common,,,,,,,,,,,,,0.2,-0.1,-0.1,-0.4,,,0.3,,,,,,,,,,20,,,,,,,,,,,,,,,,,,,,,,,,,,,,,,,,,,,,,,,,,,,,,,,,,,,,,,,,,,,
stock3,combat_rifle,s023,Stock,,,,,,WeaponPartCost2_Uncommon,WeaponPartRarity2_Uncommon,,,,,,,,,,,,,0.4,-0.2,-0.2,-0.3,,,,,,,,,,,,,30,,,,,,,,,,,,,,,,,,,,,,,,,,,,,,,,,,,,,,,,,,,,,,,,,,,,,,,,,,,
stock4,combat_rifle,s024,Stock,,,,,,WeaponPartCost3_Uncommoner,WeaponPartRarity3_Uncommoner,,,,,,,,,,,,,0.6,-0.3,-0.3,-0.8,,,0.2,,,,,,,,,,40,,,,,,,,,,,,,,,,,,,,,,,,,,,,,,,,,,,,,,,,,,,,,,,,,,,,,,,,,,,
stock5,combat_rifle,s025,Stock,,,,,,WeaponPartCost4_Rare,WeaponPartRarity4_Rare,,,,,,,,,,,,,0.8,-0.4,-0.4,-1,,,,,,,,,,,,,50,,,,,,,,,,,,,,,,,,,,,,,,,,,,,,,,,,,,,,,,,,,,,,,,,,,,,,,,,,,
Sentinel_Material,combat_rifle,u033,Material,,,,,,WeaponPartCost0_Cheap,WeaponPartRarity1_Common,,,,,,,,,,,,,,,,,0.35,,-0.5,,,,,3,,,,,,,,,,,,,,,,,,,,,,,,,,,,,,,,,,,,,,,,,,,,,,,,,,,,,,,,,,,,,,,,
Sentinel_sight4,combat_rifle,u034,Sight,,,,,,WeaponPartCost0_Cheap,WeaponPartRarity1_Common,,,,p018,,,,,,,,,,,,,,,,,,,,,,,,,,,,t098,,,,,,,,,,,,,,,,,,,,,,,,,,,,,,,,,,-1.5,,,,,,,,,,,,,,,,,,,,,,
acc1_Frantic,support_machinegun,a077,Accessory,,,,,,WeaponPartCost3_Uncommoner,WeaponPartRarity3_Uncommoner,,,,p105,,,,,,,,,,,,,,,-0.6,,-0.3,,,,,,,,,,,,,,,,,,,,,,,,,,,,,,,,,,,,,,,,,,,,,,,,,,,,,,,,,,,,,,,,,,,
acc1_Shattering,support_machinegun,a078,Accessory,,,,,,WeaponPartCost3_Uncommoner,WeaponPartRarity3_Uncommoner,,,0.3,p107,,,,,,,,,,,,,,,-0.6,,,,,,,,,,,,,,,,,,,,,,,,,,,,,,,,,,,,,,,,,,,,,,,,,,,,,,,,,,,,,,,,,,,,,
acc4_SandS_Draco_Incendiary,support_machinegun,a079,Accessory,,,,SandS Munitions,,WeaponPartCost6_Legendary,WeaponPartRarity3_Uncommoner,,10,,,,,0.8,,,,,,-0.25,,,-0.25,-1,,,,,,,,,,,,,,,,6,,Incendiary,80,20,y003,9,,Incendiary,20,16,y003,12,,Incendiary,20,12,y003,15,,Incendiary,40,30,y007,,,,,,,,,,,,,,,,,,,,,,,,,,,,,,,,
acc5_Atlas_Ogre_Explosive,support_machinegun,a080,Accessory,,,,Atlas,,WeaponPartCost3_Uncommoner,WeaponPartRarity3_Uncommoner,,10,0.15,,,,,,,,,,,,,,,,,,,,,,,,,,,,,t103,6,,Explosive,50,0,y004,9,,Explosive,20,16,y004,12,,Explosive,20,20,y005,15,,Explosive,40,30,y005,,,,,,,,,,,,,,,,,,,,,,,,,,,,,,,,
barrel4_Torgue_Bastard,support_machinegun,b048,Barrel,,,,Torgue,,WeaponPartCost6_Legendary,WeaponPartRarity3_Uncommoner,,2,0.8,,,,0.3,2,,,1,,,,,0.5,0.3,,,,,,,,,,,,,,,t104,,,,,,,,,,,,,,,,,,,,,,,,,,,,,,,,,,,,,,,,,,,,,,,,,,,,,,,,
mag2,support_machinegun,m036,Magazine,,,,,,WeaponPartCost1_Common,WeaponPartRarity1_Common,,,,,,,,,,,,,,,,,,,-0.15,,,,,,,,,,,,,,,,,,,,,,,,,,,,,,,,,,,,,,,,,,,,,,,,,,,,,,,,,,,,,,,,,,,,,
mag4,support_machinegun,m037,Magazine,,,,,,WeaponPartCost2_Uncommon,WeaponPartRarity2_Uncommon,,,0.15,p104,,,,,,,,,,,,,,,0.25,,,,,,,,,,4,12,,,,,,,,,,,,,,,,,,,,,,,,,,,,,,,,,,,,,,,,,,,,,,,,,,,,,,,,,,
mag5,support_machinegun,m038,Magazine,,,,,,WeaponPartCost4_Rare,WeaponPartRarity4_Rare,,1,0.18,p104,,,,,,,2,,,,,,,,0.35,,,,,,,,,,9,24,,,,,,,,,,,,,,,,,,,,,,,,,,,,,,,,,,,,,,,,,,,,,,,,,,,,,,,,,,
mag5_VladofRevolution,support_machinegun,m039,Magazine,,,,Vladof,,WeaponPartCost6_Legendary,WeaponPartRarity2_Uncommon,,1,0.18,,,,,,,,,,-1,,,-1,,,0.4,,0.5,,,,,,,,60,56,,t105,,,,,,,,,,,,,,,,,,,,,,,,,,,,,,,,,,,,,,,,,,,,,-3,,,,,,,,,,,
sight_none,support_machinegun,z038,Sight,,,,,,WeaponPartCost1_Common,WeaponPartRarity1_Common,,,,,,,,,,,,,,,,,,,,,,,,,,,,,,,,,,,,,,,,,,,,,,,,,,,,,,,,,,,,,,,,,,,,,,,,,,,,,,,,,,,,,,,,
sight1,support_machinegun,z039,Sight,,,,,,WeaponPartCost4_Rare,WeaponPartRarity4_Rare,,,,p017,,,,,,,,,,,,,,,,,,,,,,,,,,,,,,,,,,,,,,,,,,,,,,,,,,,,,,,,,,,,,,-0.8,1,,,,,,,,,,,,,,,,,,,,,
sight2,support_machinegun,z040,Sight,,,,,,WeaponPartCost2_Uncommon,WeaponPartRarity2_Uncommon,,,,p016,,,,,,,,,,,,,,,,,,,,,,,,,,,,,,,,,,,,,,,,,,,,,,,,,,,,,,,,,,,,,,-0.4,2,,,,,,,,,,,,,,,,,,,,,
TheMeatGrinder_Material,support_machinegun,u035,Material,,,,,,WeaponPartCost3_Uncommoner,WeaponPartRarity3_Uncommoner,,,0.24,p047,,,,3,,3,,1,,,,0.54,0.35,,,,-0.16,,,,,,,,,,,,,,,,,,,,,,,,,,,,,,,,,,,,,,,,,,,,,,,,,,,,,,,,,,,,,,,,,,,
TheMeatGringer_mag5,support_machinegun,u036,Magazine,,,,,,WeaponPartCost1_Common,WeaponPartRarity1_Common,,1,0.2,p018,,,,,,,2,,,,,,3,,0.6,,-0.2,,,,,,,,9,62,,t106,,,,,,,,,,,,,,,,,,,,,,,,,,,,,,,,,,,,,,,,,,,,,,,,-8,,,,,,,,
acc_none,rocket_launcher,a081,Accessory,,,,,,WeaponPartCost1_Common,WeaponPartRarity1_Common,,,,,,,,,,,,,,,,,,,,,,,,,,,,,,,,,,,,,,,,,,,,,,,,,,,,,,,,,,,,,,,,,,,,,,,,,,,,,,,,,,,,,,,,
acc1_Recoiless,rocket_launcher,a082,Accessory,,,,,,WeaponPartCost3_Uncommoner,WeaponPartRarity3_Uncommoner,,,,p113,,,,,,,,,,,-0.5,-3,-3,,,,,,,,,,,,,,,,,,,,,,,,,,,,,,,,,,,,,,,,,,,,,,,,,,,,,,,,,,,,,,,,,,,,,,,
acc2_Evil,rocket_launcher,a083,Accessory,,,,,,WeaponPartCost3_Uncommoner,WeaponPartRarity3_Uncommoner,,2,,p114,,,,,,,,,,,-1,,,,,,-0.3,,,,,,,,,,,,,,,,,,,,,,,,,,,,,,,,,,,,,,,,,,,,,,,,,,,,,0.5,,,,,,,,,,,,,,
acc3_Corrosive,rocket_launcher,a084,Accessory,,,,,,WeaponPartCost3_Uncommoner,WeaponPartRarity3_Uncommoner,,2,,,,,,,,,,,,,,,,,,,,,,,,,,,,,,,0,p023,Corrosive,100,0,,1,p024,Corrosive,100,0,,1,p025,Corrosive,100,0,,2,p026,Corrosive,100,0,,,,,,,,,,,,,,,,,,,,,,,,,,,,,,,,,
acc3_Shock,rocket_launcher,a085,Accessory,,,,,,WeaponPartCost3_Uncommoner,WeaponPartRarity3_Uncommoner,,2,,,,,,,,,,,,,,,,,,,,,,,,,,,,,,,0,p035,Shock,100,0,,1,p036,Shock,100,0,,1,p037,Shock,100,0,,2,p038,Shock,100,0,,,,,,,,,,,,,,,,,,,,,,,,,,,,,,,,,
acc4_Devastating,rocket_launcher,a086,Accessory,,,,,,WeaponPartCost3_Uncommoner,WeaponPartRarity3_Uncommoner,,1,0.35,p115,,,,,,,,,,,,,,,,,,,,,,,,,,,,,,,,,,,,,,,,,,,,,,,,,,,,,,,,,,,,,,,,,,,,,,,,,,,,,,,,,,,,
acc5_Incendiary,rocket_launcher,a087,Accessory,,,,,,WeaponPartCost3_Uncommoner,WeaponPartRarity3_Uncommoner,,2,,,,,,,,,,,,,,,,,,,,,,,,,,,,,,,0,p031,Incendiary,100,0,,1,p032,Incendiary,100,0,,1,p033,Incendiary,100,0,,2,p034,Incendiary,100,0,,,,,,,,,,,,,,,,,,,,,,,,,,,,,,,,,
barrel1_3shot,rocket_launcher,b049,Barrel,,,,,,WeaponPartCost3_Uncommoner,WeaponPartRarity3_Uncommoner,,,-0.2,,,,,,,,,,,,,,,,,,,,,,,,,,,1,,,,,,,,,,,,,,,,,,,,,,,,,,,,,,,,,,,,,,,,,,,,,,,,,,,,,,,,,,
barrel1_helix,rocket_launcher,b050,Barrel,,,,,,WeaponPartCost2_Uncommon,WeaponPartRarity2_Uncommon,,,-0.2,p116,,,,,,,,,,,,,,,,,,,,,2,,,,,1,,,,,,,,,,,,,,,,,,,,,,,,,,,,,,,,,,,,,,,,,,,,,,,,,,,,,,,,,,
barrel1_spread,rocket_launcher,b051,Barrel,,,,,,WeaponPartCost3_Uncommoner,WeaponPartRarity3_Uncommoner,,,-0.2,p117,,,,,,,,,,,,,,,,,-6,,,,,,,,,3,,,,,,,,,,,,,,,,,,,,,,,,,,,5,,3,,,,,,,,,,,,,,,,,,,,,,,,,,,,,
barrel1_triple,rocket_launcher,b052,Barrel,,,,,,WeaponPartCost2_Uncommon,WeaponPartRarity2_Uncommon,,,-0.2,p118,,,,,,,,,,,,,2,,,,-3,,,,,,,,,1,,,,,,,,,,,,,,,,,,,,,,,,,,,3,,3,,,,,,,,,,,,,,,,,,,,,,,,,,,,,
barrel1_Vladof_Mongol,rocket_launcher,b053,Barrel,,,,Vladof,,WeaponPartCost6_Legendary,WeaponPartRarity2_Uncommon,,2,-0.2,,,,,,,,,,,,,,,,,,,,,,,,,,,7,,t113,,,,,,,,,,,,,,,,,,,,,,,,,,,,,,,,,,,,,,,2,,,,,,,,,,,,,,,,,
barrel2_2shot,rocket_launcher,b054,Barrel,,,,,,WeaponPartCost1_Common,WeaponPartRarity1_Common,,,,,,,,,,,,,,,,,,,,,,,,,,,,,,,,,,,,,,,,,,,,,,,,,,,,,,,,,,,,,,,,,,,,,,,,,,,,,,,,,,,,,,,,
barrel2_Hyperion_Nidhogg,rocket_launcher,b055,Barrel,,,,Hyperion,,WeaponPartCost6_Legendary,WeaponPartRarity3_Uncommoner,,5,1,,,,,,,,,,,,,,,,-0.75,,,,,,,,,,33,,,t110,,,,,,,,,,,,,,,,,,,,,,,,,,,,,,,,,,,,,,,,,,,,,,,,,,,,,,,,
barrel2_Maliwan_Rhino,rocket_launcher,b056,Barrel,,,,Maliwan,,WeaponPartCost6_Legendary,WeaponPartRarity3_Uncommoner,,4,,,,,,,,,,,,,,,,,,,,,,,,,,,,,,t111,,,,,,,,,,,,,,,,,,,,,,,,,,,,,,,,,,,,,,,,,,,,,,,,,,,,,,,,
barrel4_1shot,rocket_launcher,b057,Barrel,,,,,,WeaponPartCost2_Uncommon,WeaponPartRarity2_Uncommon,,,0.25,,,,,,,,,,,,,,,,,,,,,,,,,,,-1,,,,,,,,,,,,,,,,,,,,,,,,,,,,,,,,,,,,,,,,,,,,,,,,,,,,,,,,,,
barrel4_Torgue_Redemption,rocket_launcher,b058,Barrel,,,,Torgue,,WeaponPartCost6_Legendary,WeaponPartRarity3_Uncommoner,,2,1.2,,,,,,,,,,,,,,,,,,,,,,,,,,,2,,t112,,,,,,,,,,,,,,,,,,,,,,,,,,,,,,,,,,,,,,,3,,,,,,,,,,,,,,,,,
body1,rocket_launcher,f036,Body,,,,,,WeaponPartCost1_Common,WeaponPartRarity1_Common,,,-0.08,,,,,,,,,,,,,,,RPG,,,,,,,,,,,,,,,,,,,,,,,,,,,,,,,,,,,,,,,,,,,,,,,,,,,,,,,,,,,,,,,,,,,,,,
body3,rocket_launcher,f037,Body,,,,,,WeaponPartCost2_Uncommon,WeaponPartRarity2_Uncommon,,3,-0.15,,,,,,,,,,,,,-0.3,,SPC,,,-0.3,,,,,,,,,,,,,,,,,,,,,,,,,,,,,,,,,,,,,,,,,,,,,,,,,,,,,,,,,,,,,,,,,,,
body5,rocket_launcher,f038,Body,,,,,,WeaponPartCost4_Rare,WeaponPartRarity4_Rare,,1,0.2,,,,,,,,,,,,,-0.2,,RWL,,,-0.5,,,,,,,,,,,,,,,,,,,,,,,,,,,,,,,,,,,,,,,,,,,,,,,,,,,,,,,,,,,,,,,,,,,
grip1,rocket_launcher,g049,Grip,,,,Vladof,,WeaponPartCost1_Common,WeaponPartRarity1_Common,,,,,,,,,,,,,,,,,,,,,,,,,,,,,,,,,,,,,,,,,,,,,,,,,,,,,,,,,,,,,,,,,,,,,,,,,,,,,,,,,,,,,,,,
grip2,rocket_launcher,g050,Grip,,,,Dahl,,WeaponPartCost1_Common,WeaponPartRarity1_Common,,,,,,,,,,,,,,,,,,,,,,,,,,,,,,,,,,,,,,,,,,,,,,,,,,,,,,,,,,,,,,,,,,,,,,,,,,,,,,,,,,,,,,,,
grip3,rocket_launcher,g051,Grip,,,,Maliwan,,WeaponPartCost1_Common,WeaponPartRarity1_Common,,,,,,,,,,,,,,,,,,,,,,,,,,,,,,,,,,,,,,,,,,,,,,,,,,,,,,,,,,,,,,,,,,,,,,,,,,,,,,,,,,,,,,,,
grip3_Gearbox,rocket_launcher,g052,Grip,,,,Gearbox,,WeaponPartCost1_Common,WeaponPartRarity1_Common,,,,,,,,,,,,,,,,,,,,,,,,,,,,,,,,,,,,,,,,,,,,,,,,,,,,,,,,,,,,,,,,,,,,,,,,,,,,,,,,,,,,,,,,
grip4,rocket_launcher,g053,Grip,,,,Torgue,,WeaponPartCost1_Common,WeaponPartRarity1_Common,,,,,,,,,,,,,,,,,,,,,,,,,,,,,,,,,,,,,,,,,,,,,,,,,,,,,,,,,,,,,,,,,,,,,,,,,,,,,,,,,,,,,,,,
grip5,rocket_launcher,g054,Grip,,,,Hyperion,,WeaponPartCost1_Common,WeaponPartRarity1_Common,,,,,,,,,,,,,,,,,,,,,,,,,,,,,,,,,,,,,,,,,,,,,,,,,,,,,,,,,,,,,,,,,,,,,,,,,,,,,,,,,,,,,,,,
mag1,rocket_launcher,m040,Magazine,,,,,,WeaponPartCost1_Common,WeaponPartRarity1_Common,,,,,,,,,,,,,,,,,,,-0.1,,,,,,,,,,0,,,,,,,,,,,,,,,,,,,,,,,,,,,,,,,,,,,,,,,,,,,,,,,,,,,,,,,,,,,
mag2,rocket_launcher,m041,Magazine,,,,,,WeaponPartCost1_Common,WeaponPartRarity1_Common,,,,,,,,,,,,,,,,,,,,,,,,,,,,,1,,,,,,,,,,,,,,,,,,,,,,,,,,,,,,,,,,,,,,,,,,,,,,,,,,,,,,,,,,,
mag3,rocket_launcher,m042,Magazine,,,,,,WeaponPartCost2_Uncommon,WeaponPartRarity2_Uncommon,,,,,,,,,,,,,,,,,,,-0.3,,,,,,,,,,2,,,,,,,,,,,,,,,,,,,,,,,,,,,,,,,,,,,,,,,,,,,,,,,,,,,,,,,,,,,
mag4,rocket_launcher,m043,Magazine,,,,,,WeaponPartCost3_Uncommoner,WeaponPartRarity3_Uncommoner,,,0.15,,,,,,,,,,,,,,,,0.3,,,,,,,,,,6,,,,,,,,,,,,,,,,,,,,,,,,,,,,,,,,,,,,,,,,,,,,,,,,,,,,,,,,,,,
mag5,rocket_launcher,m044,Magazine,,,,,,WeaponPartCost4_Rare,WeaponPartRarity4_Rare,,,,,,,0.25,,,,,,,,,,,,-0.4,,,,,,,,,,7,,,,,,,,,,,,,,,,,,,,,,,,,,,,,,,,,,,,,,,,,,,,,,,,,,,,,,,,,,,
sight1,rocket_launcher,z041,Sight,,,,,,WeaponPartCost1_Common,WeaponPartRarity1_Common,,,,,,,,,,,,,,,,,,,,,,,,,,,,,,,,,,,,,,,,,,,,,,,,,,,,,,,,,,,,,,,,,,-0.4,1,,,,,,,,,,,,,,,,,,,,,
sight2,rocket_launcher,z042,Sight,,,,,,WeaponPartCost2_Uncommon,WeaponPartRarity2_Uncommon,,,,,,,,,,,,,,,,,,,,,,,,,,,,,,,,,,,,,,,,,,,,,,,,,,,,,,,,,,,,,,,,,,-0.7,2,,,,,,,,,,,,,,,,,,,,,
sight3,rocket_launcher,z043,Sight,,,,,,WeaponPartCost3_Uncommoner,WeaponPartRarity3_Uncommoner,,1,,p017,,,,,,,,,,,,,,,,,,,,,,,,,,,,,,,,,,,,,,,,,,,,,,,,,,,,,,,,,,,,,,-1,3,,,,,,,,,,,,,,,,,,,,,
sight4,rocket_launcher,z044,Sight,,,,,,WeaponPartCost4_Rare,WeaponPartRarity4_Rare,,,,p017,,,,,,,,,,,,,,,,,,,,,,,,,,,,,,,,,,,,,,,,,,,,,,,,,,,,,,,,,,,,,,-2,4,,,,,,,,,,,,,,,,,,,,,
sight5,rocket_launcher,z045,Sight,,,,,,WeaponPartCost5_VeryRare,WeaponPartRarity5_VeryRare,,,,p017,,,,,,,,,,,,,,,,,,,,,,,,,,,,,,,,,,,,,,,,,,,,,,,,,,,,,,,,,,,,,,-3,5,,,,,,,,,,,,,,,,,,,,,
stock2,rocket_launcher,s026,Stock,,,,,,WeaponPartCost1_Common,WeaponPartRarity1_Common,,,,,,,,,,,,,0.2,-0.1,-0.1,-0.4,,,0.3,,,,,,,,,,10,,,,,,,,,,,,,,,,,,,,,,,,,,,,,,,,,,,,,,,,,,,,,,,,,,,,,,,,,,,
stock3,rocket_launcher,s027,Stock,,,,,,WeaponPartCost2_Uncommon,WeaponPartRarity2_Uncommon,,,,,,,,,,,,,0.4,-0.2,-0.2,-0.3,,,,,,,,,,,,,20,,,,,,,,,,,,,,,,,,,,,,,,,,,,,,,,,,,,,,,,,,,,,,,,,,,,,,,,,,,
stock4,rocket_launcher,s028,Stock,,,,,,WeaponPartCost3_Uncommoner,WeaponPartRarity3_Uncommoner,,,,,,,,,,,,,0.6,-0.3,-0.3,-0.8,,,0.2,,,,,,,,,,50,,,,,,,,,,,,,,,,,,,,,,,,,,,,,,,,,,,,,,,,,,,,,,,,,,,,,,,,,,,
stock5,rocket_launcher,s029,Stock,,,,,,WeaponPartCost4_Rare,WeaponPartRarity4_Rare,,,,,,,,,,,,,0.8,-0.4,-0.4,-1,,,,,,,,,,,,,70,,,,,,,,,,,,,,,,,,,,,,,,,,,,,,,,,,,,,,,,,,,,,,,,,,,,,,,,,,,
Leviathan_barrel1_3shot,rocket_launcher,u037,Barrel,,,,Torgue,,WeaponPartCost3_Uncommoner,WeaponPartRarity3_Uncommoner,,,-0.2,p018,,,,,,,,,,,,,,,-0.5,,-0.8,,,,,,,,,4,,t114,,,,,,,,,,,,,,,,,,,,,,,,,,,,,,,,,,,,,,,,,,,,,,,,,,,,,,,,
Leviathan_Material,rocket_launcher,u038,Material,,,,Torgue,,WeaponPartCost4_Rare,WeaponPartRarity4_Rare,,5,,,,,,,,,,,,,,,,,,,,,,,,,,,,,,,,,,,,,,,,,,,,,,,,,,,,,,,,,,,,,,,,,,,,,,,,,,,,,,,,,,,,,,
TheRoaster_acc5_Incendiary,rocket_launcher,u039,Accessory,,,,Maliwan,,WeaponPartCost3_Uncommoner,WeaponPartRarity3_Uncommoner,,6,,p018,,,,,,,,,,,,,,,,,,,,,,,,,,,,t115,0,p035,Incendiary,100,0,Roaster,1,p036,Incendiary,100,0,Roaster,1,p037,Incendiary,100,0,Roaster,2,p038,Incendiary,100,0,Roaster,,,,,,,,,,,,,,,,,,,,,,,,,,,,,,,,
TheRoaster_Material,rocket_launcher,u040,Material,5,Very high Elemental Effect chance,FFFFFF,Maliwan,,WeaponPartCost3_Uncommoner,WeaponPartRarity3_Uncommoner,,5,,p046,,,,,,,,2,,,,,-0.23,,-0.23,,,,,,,,,,,,,,,,,,,,,,,,,,,,,,,,,,,,,,,,,,,,,,,,,,,,,,,,,,,,,,,,,,,,,
grip1,alien_rifle,g060,Grip,,,,,,WeaponPartCost1_Common,WeaponPartRarity1_Common,,,,,,,,,,,,,,,,,,,,,,,,,,,,,,,,,,,,,,,,,,,,,,,,,,,,,,,,,,,,,,,,,,,,,,,,,,,,,,,,,,,,,,,,
grip2,alien_rifle,g061,Grip,,,,,,WeaponPartCost1_Common,WeaponPartRarity1_Common,,,,,,,,,,,,,,,,,,,,,,,,,,,,,,,,,,,,,,,,,,,,,,,,,,,,,,,,,,,,,,,,,,,,,,,,,,,,,,,,,,,,,,,,
grip3,alien_rifle,g062,Grip,,,,,,WeaponPartCost1_Common,WeaponPartRarity1_Common,,,,,,,,,,,,,,,,,,,,,,,,,,,,,,,,,,,,,,,,,,,,,,,,,,,,,,,,,,,,,,,,,,,,,,,,,,,,,,,,,,,,,,,,
grip4,alien_rifle,g063,Grip,,,,,,WeaponPartCost1_Common,WeaponPartRarity1_Common,,,,,,,,,,,,,,,,,,,,,,,,,,,,,,,,,,,,,,,,,,,,,,,,,,,,,,,,,,,,,,,,,,,,,,,,,,,,,,,,,,,,,,,,
grip5,alien_rifle,g064,Grip,,,,,,WeaponPartCost1_Common,WeaponPartRarity1_Common,,,,,,,,,,,,,,,,,,,,,,,,,,,,,,,,,,,,,,,,,,,,,,,,,,,,,,,,,,,,,,,,,,,,,,,,,,,,,,,,,,,,,,,,
grip6,alien_rifle,g065,Grip,,,,,,WeaponPartCost1_Common,WeaponPartRarity1_Common,,,,,,,,,,,,,,,,,,,,,,,,,,,,,,,,,,,,,,,,,,,,,,,,,,,,,,,,,,,,,,,,,,,,,,,,,,,,,,,,,,,,,,,,
body1,alien_rifle,f039,Body,,,,,,WeaponPartCost1_Common,WeaponPartRarity1_Common,,,-0.08,,,,,,,,,,,,,,,,,,,,,,,,,,,,,,,,,,,,,,,,,,,,,,,,,,,,,,,,,,,,,,,,,,,,,,,,,,,,,,,,,,,,,
body2,alien_rifle,f040,Body,,,,,,WeaponPartCost1_Common,WeaponPartRarity1_Common,,,,,,,,,,,,,,,,,,,,,,,,,,,,,,,,,,,,,,,,,,,,,,,,,,,,,,,,,,,,,,,,,,,,,,,,,,,,,,,,,,,,,,,,
body3,alien_rifle,f041,Body,,,,,,WeaponPartCost1_Common,WeaponPartRarity1_Common,,,,,,,,,,,,,,,,,,,,,,,,,,,,,,,,,,,,,,,,,,,,,,,,,,,,,,,,,,,,,,,,,,,,,,,,,,,,,,,,,,,,,,,,
body4,alien_rifle,f042,Body,,,,,,WeaponPartCost1_Common,WeaponPartRarity1_Common,,,,,,,,,,,,,,,,,,,,,,,,,,,,,,,,,,,,,,,,,,,,,,,,,,,,,,,,,,,,,,,,,,,,,,,,,,,,,,,,,,,,,,,,
body5,alien_rifle,f043,Body,,,,,,WeaponPartCost1_Common,WeaponPartRarity1_Common,,,,,,,,,,,,,,,,,,,,,,,,,,,,,,,,,,,,,,,,,,,,,,,,,,,,,,,,,,,,,,,,,,,,,,,,,,,,,,,,,,,,,,,,
body6,alien_rifle,f044,Body,,,,,,WeaponPartCost1_Common,WeaponPartRarity1_Common,,,,,,,,,,,,,,,,,,,,,,,,,,,,,,,,,,,,,,,,,,,,,,,,,,,,,,,,,,,,,,,,,,,,,,,,,,,,,,,,,,,,,,,,
barrel1,alien_rifle,b059,Barrel,,,,,,WeaponPartCost1_Common,WeaponPartRarity1_Common,,,,,,,,,,,,,,,,,,,,,,,,,,,,,,,,,,,,,,,,,,,,,,,,,,,,,,,,,,,,,,,,,,,,,,,,,,,,,,,,,,,,,,,,
barrel4_BallBlaster,alien_rifle,b060,Barrel,,,,,,WeaponPartCost1_Common,WeaponPartRarity1_Common,,,,p122,,,,,,,,,,,,,,,,,,,,,,,,,11,,,,,,,,,,,,,,,,,,,,,,,,,,,,,,,,,,,,,,,,,,,,,,,,,,,,,,,,,,,
barrel4_Blaster,alien_rifle,b061,Barrel,,,,,,WeaponPartCost1_Common,WeaponPartRarity1_Common,,,,,,,,,,,,,,,,,,,,,,,,,,,,,11,,,,,,,,,,,,,,,,,,,,,,,,,,,,,,,,,,,,,,,,,,,,,,,,,,,,,,,,,,,
barrel4_MercurialBlaster,alien_rifle,b062,Barrel,,,,,,WeaponPartCost1_Common,WeaponPartRarity1_Common,,,,p124,,,,,,,,,,,,,,,,,-1,,,,,,,,11,,,,,,,,,,,,,,,,,,,,,,,,,,,,,,,,,,,,,,,,,,,,,,,,,,,,,,,,,,,
barrel4_WaveBlaster,alien_rifle,b063,Barrel,,,,,,WeaponPartCost1_Common,WeaponPartRarity1_Common,,,1,p126,,,,,,,,,,,,,,,,,1,,,,,,,,1001,,,,,,,,,,,,,,,,,,,,,,,,,,,,,,,,,,,,,,,,,,4,,,,,,,,,,,,,,,,,
barrel5_Cannon,alien_rifle,b064,Barrel,,,,,,WeaponPartCost1_Common,WeaponPartRarity1_Common,,,,,,,,,,,,,,,,,,,,,,,,,,,,,100,,,,,,,,,,,,,,,,,,,,,,,,,,,,,,,,,,,,,,,,,,,,,,,,,,,,,,,,,,,
barrel6,alien_rifle,b065,Barrel,,,,,,WeaponPartCost1_Common,WeaponPartRarity1_Common,,,,,,,,,,,,,,,,,,,,,,,,,,,,,110,,,,,,,,,,,,,,,,,,,,,,,,,,,,,,,,,,,,,,,,,,,,,,,,,,,,,,,,,,,
acc1,alien_rifle,a088,Accessory,,,,,,WeaponPartCost1_Common,WeaponPartRarity1_Common,,,,,,,,,,,,,,,,,,,,,,,,,,,,,,,,,,,,,,,,,,,,,,,,,,,,,,,,,,,,,,,,,,,,,,,,,,,,,,,,,,,,,,,,
acc2,alien_rifle,a089,Accessory,,,,,,WeaponPartCost1_Common,WeaponPartRarity1_Common,,,,,,,,,,,,,,,,,,,,,,,,,,,,,,,,,,,,,,,,,,,,,,,,,,,,,,,,,,,,,,,,,,,,,,,,,,,,,,,,,,,,,,,,
acc3,alien_rifle,a090,Accessory,,,,,,WeaponPartCost1_Common,WeaponPartRarity1_Common,,,,,,,,,,,,,,,,,,,,,,,,,,,,,,,,,,,,,,,,,,,,,,,,,,,,,,,,,,,,,,,,,,,,,,,,,,,,,,,,,,,,,,,,
acc4,alien_rifle,a091,Accessory,,,,,,WeaponPartCost1_Common,WeaponPartRarity1_Common,,,,,,,,,,,,,,,,,,,,,,,,,,,,,,,,,,,,,,,,,,,,,,,,,,,,,,,,,,,,,,,,,,,,,,,,,,,,,,,,,,,,,,,,
acc5,alien_rifle,a092,Accessory,,,,,,WeaponPartCost1_Common,WeaponPartRarity1_Common,,,,,,,,,,,,,,,,,,,,,,,,,,,,,,,,,,,,,,,,,,,,,,,,,,,,,,,,,,,,,,,,,,,,,,,,,,,,,,,,,,,,,,,,
acc6,alien_rifle,a093,Accessory,,,,,,WeaponPartCost1_Common,WeaponPartRarity1_Common,,,,,,,,,,,,,,,,,,,,,,,,,,,,,,,,,,,,,,,,,,,,,,,,,,,,,,,,,,,,,,,,,,,,,,,,,,,,,,,,,,,,,,,,
acc_none,alien_rifle,a094,Accessory,,,,,,WeaponPartCost1_Common,WeaponPartRarity1_Common,,,,,,,,,,,,,,,,,,,,,,,,,,,,,,,,,,,,,,,,,,,,,,,,,,,,,,,,,,,,,,,,,,,,,,,,,,,,,,,,,,,,,,,,
mag1,alien_rifle,m045,Magazine,,,,,,WeaponPartCost1_Common,WeaponPartRarity1_Common,,,,,,,,,,,,,,,,,,,,,,,,,,,,,1,,,,,,,,,,,,,,,,,,,,,,,,,,,,,,,,,,,,,,,,,,,,,,,,,,,,,,,,,,,
mag2,alien_rifle,m046,Magazine,,,,,,WeaponPartCost1_Common,WeaponPartRarity1_Common,,,,,,,0.3,,,,,,,,,,,,,,,,,,,,,,10,,,,,,,,,,,,,,,,,,,,,,,,,,,,,,,,,,,,,,,,,,,,,,,,,,,,,,,,,,-0.2,
mag3,alien_rifle,m047,Magazine,,,,,,WeaponPartCost1_Common,WeaponPartRarity1_Common,,,,,,,-0.2,,,,,,,,,,,,,,,,,,,,,,11,,,,,,,,,,,,,,,,,,,,,,,,,,,,,,,,,,,,,,,,,,,,,,,,,,,,,,,,,,0.4,-0.4
mag4,alien_rifle,m048,Magazine,,,,,,WeaponPartCost1_Common,WeaponPartRarity1_Common,,,,,,,1,,,,,,,,,,,,,,,,,,,,,,100,,,,,,,,,,,,,,,,,,,,,,,,,,,,,,,,,,,,,,,,,,,,,,,,,,,,,,,,,,-0.2,0.3
mag5,alien_rifle,m049,Magazine,,,,,,WeaponPartCost1_Common,WeaponPartRarity1_Common,,,,,,,0.3,,,,,,,,,,,,,,,,,,,,,,101,,,,,,,,,,,,,,,,,,,,,,,,,,,,,,,,,,,,,,,,,,,,,,,,,,,,,,,,,,0.3,-0.2
mag6,alien_rifle,m050,Magazine,,,,,,WeaponPartCost1_Common,WeaponPartRarity1_Common,,,,,,,0.2,,,,,,,,,,,,,,,,,,,,,,110,,,,,,,,,,,,,,,,,,,,,,,,,,,,,,,,,,,,,,,,,,,,,,,,,,,,,,,,,,0.4,-0.5
sight_none,alien_rifle,z046,Sight,,,,,,WeaponPartCost1_Common,WeaponPartRarity1_Common,,,,,,,,,,,,,,,,,,,,,,,,,,,,,,,,,,,,,,,,,,,,,,,,,,,,,,,,,,,,,,,,,,,,,,,,,,,,,,,,,,,,,,,,
sight1,alien_rifle,z047,Sight,,,,,,WeaponPartCost1_Common,WeaponPartRarity1_Common,,,,,,,,,,,,,,,,,,,,,,,,,,,,,,,,,,,,,,,,,,,,,,,,,,,,,,,,,,,,,,,,,,,,,,,,,,,,,,,,,,,,,,,,
sight2,alien_rifle,z048,Sight,,,,,,WeaponPartCost1_Common,WeaponPartRarity1_Common,,,,,,,,,,,,,,,,,,,,,,,,,,,,,,,,,,,,,,,,,,,,,,,,,,,,,,,,,,,,,,,,,,,,,,,,,,,,,,,,,,,,,,,,
sight3,alien_rifle,z049,Sight,,,,,,WeaponPartCost1_Common,WeaponPartRarity1_Common,,,,,,,,,,,,,,,,,,,,,,,,,,,,,,,,,,,,,,,,,,,,,,,,,,,,,,,,,,,,,,,,,,,,,,,,,,,,,,,,,,,,,,,,
sight4,alien_rifle,z050,Sight,,,,,,WeaponPartCost1_Common,WeaponPartRarity1_Common,,,,,,,,,,,,,,,,,,,,,,,,,,,,,,,,,,,,,,,,,,,,,,,,,,,,,,,,,,,,,,,,,,,,,,,,,,,,,,,,,,,,,,,,
sight5,alien_rifle,z051,Sight,,,,,,WeaponPartCost1_Common,WeaponPartRarity1_Common,,,,,,,,,,,,,,,,,,,,,,,,,,,,,,,,,,,,,,,,,,,,,,,,,,,,,,,,,,,,,,,,,,,,,,,,,,,,,,,,,,,,,,,,
sight6,alien_rifle,z052,Sight,,,,,,WeaponPartCost1_Common,WeaponPartRarity1_Common,,,,,,,,,,,,,,,,,,,,,,,,,,,,,,,,,,,,,,,,,,,,,,,,,,,,,,,,,,,,,,,,,,,,,,,,,,,,,,,,,,,,,,,,
stock_none,alien_rifle,s030,Stock,,,,,,WeaponPartCost1_Common,WeaponPartRarity1_Common,,,,,,,,,,,,,,-0.2,0.3,0.4,,,-0.3,,,,,,,,,,,,,,,,,,,,,,,,,,,,,,,,,,,,,,,,,,,,,,,,,,,,,,,,,,,,,,,,,,,,,
stock1,alien_rifle,s031,Stock,,,,,,WeaponPartCost1_Common,WeaponPartRarity1_Common,,,,,,,,,,,,,0.2,,,,,,,,,,,,,,,,1000,,,,,,,,,,,,,,,,,,,,,,,,,,,,,,,,,,,,,,,,,,,,,,,,,,,,,,,,,,,
stock2,alien_rifle,s032,Stock,,,,,,WeaponPartCost1_Common,WeaponPartRarity1_Common,,,,,,,,,,,,,0.15,-0.2,-0.4,-0.4,,,0.3,,,,,,,,,,10000,,,,,,,,,,,,,,,,,,,,,,,,,,,,,,,,,,,,,,,,,,,,,,,,,,,,,,,,,,,
stock3,alien_rifle,s033,Stock,,,,,,WeaponPartCost1_Common,WeaponPartRarity1_Common,,,,,,,,,,,,,0.15,-0.2,-0.4,-0.4,,,0.3,,,,,,,,,,11000,,,,,,,,,,,,,,,,,,,,,,,,,,,,,,,,,,,,,,,,,,,,,,,,,,,,,,,,,,,
stock4,alien_rifle,s034,Stock,,,,,,WeaponPartCost1_Common,WeaponPartRarity1_Common,,,,,,,,,,,,,0.8,-0.5,-1,-0.8,,,0.2,,,,,,,,,,100000,,,,,,,,,,,,,,,,,,,,,,,,,,,,,,,,,,,,,,,,,,,,,,,,,,,,,,,,,,,
stock5,alien_rifle,s035,Stock,,,,,,WeaponPartCost1_Common,WeaponPartRarity1_Common,,,,,,,,,,,,,0.6,-0.5,-0.5,-0.6,,,,,,,,,,,,,101000,,,,,,,,,,,,,,,,,,,,,,,,,,,,,,,,,,,,,,,,,,,,,,,,,,,,,,,,,,,
stock6,alien_rifle,s036,Stock,,,,,,WeaponPartCost1_Common,WeaponPartRarity1_Common,,,,,,,,,,,,,,,,,,,,,,,,,,,,,110000,,,,,,,,,,,,,,,,,,,,,,,,,,,,,,,,,,,,,,,,,,,,,,,,,,,,,,,,,,,
